name;timestamp;arousal;valence;liking
'Devel_HU_10';0.000000;0.000000;0.000000;0.000000
'Devel_HU_10';0.100000;0.056237;0.043175;-0.049988
'Devel_HU_10';0.200000;0.048241;0.042276;-0.053758
'Devel_HU_10';0.300000;0.043187;0.041357;-0.056063
'Devel_HU_10';0.400000;0.039959;0.040287;-0.056960
'Devel_HU_10';0.500000;0.037992;0.039039;-0.056607
'Devel_HU_10';0.600000;0.037014;0.037675;-0.055209
'Devel_HU_10';0.700000;0.036763;0.036438;-0.052938
'Devel_HU_10';0.800000;0.036942;0.035508;-0.050042
'Devel_HU_10';0.900000;0.037516;0.034846;-0.046930
'Devel_HU_10';1.000000;0.038587;0.034398;-0.043806
'Devel_HU_10';1.100000;0.040164;0.034125;-0.040748
'Devel_HU_10';1.200000;0.042152;0.033936;-0.037867
'Devel_HU_10';1.300000;0.044475;0.033850;-0.035130
'Devel_HU_10';1.400000;0.047012;0.033883;-0.032554
'Devel_HU_10';1.500000;0.049652;0.034069;-0.030114
'Devel_HU_10';1.600000;0.052282;0.034395;-0.027824
'Devel_HU_10';1.700000;0.054845;0.034883;-0.025638
'Devel_HU_10';1.800000;0.057313;0.035561;-0.023533
'Devel_HU_10';1.900000;0.059687;0.036454;-0.021490
'Devel_HU_10';2.000000;0.062011;0.037556;-0.019500
'Devel_HU_10';2.100000;0.064365;0.038847;-0.017559
'Devel_HU_10';2.200000;0.066918;0.040310;-0.015774
'Devel_HU_10';2.300000;0.069580;0.041669;-0.014069
'Devel_HU_10';2.400000;0.072038;0.042963;-0.012402
'Devel_HU_10';2.500000;0.073934;0.044166;-0.010729
'Devel_HU_10';2.600000;0.075366;0.045233;-0.009136
'Devel_HU_10';2.700000;0.076723;0.046323;-0.007659
'Devel_HU_10';2.800000;0.078179;0.047381;-0.006294
'Devel_HU_10';2.900000;0.079770;0.048375;-0.004998
'Devel_HU_10';3.000000;0.081465;0.049381;-0.003746
'Devel_HU_10';3.100000;0.083392;0.050430;-0.002575
'Devel_HU_10';3.200000;0.085548;0.051548;-0.001428
'Devel_HU_10';3.300000;0.087775;0.052744;-0.000264
'Devel_HU_10';3.400000;0.089949;0.054004;0.000925
'Devel_HU_10';3.500000;0.092015;0.055325;0.002134
'Devel_HU_10';3.600000;0.093991;0.056711;0.003367
'Devel_HU_10';3.700000;0.095897;0.058156;0.004600
'Devel_HU_10';3.800000;0.097740;0.059647;0.005831
'Devel_HU_10';3.900000;0.099535;0.061162;0.007046
'Devel_HU_10';4.000000;0.101290;0.062695;0.008239
'Devel_HU_10';4.100000;0.103003;0.064248;0.009399
'Devel_HU_10';4.200000;0.104665;0.065834;0.010514
'Devel_HU_10';4.300000;0.106252;0.067471;0.011565
'Devel_HU_10';4.400000;0.107727;0.069173;0.012527
'Devel_HU_10';4.500000;0.109058;0.070955;0.013372
'Devel_HU_10';4.600000;0.110213;0.072827;0.014071
'Devel_HU_10';4.700000;0.111181;0.074752;0.014585
'Devel_HU_10';4.800000;0.112068;0.076633;0.014885
'Devel_HU_10';4.900000;0.113097;0.078402;0.014919
'Devel_HU_10';5.000000;0.114305;0.080117;0.014685
'Devel_HU_10';5.100000;0.115677;0.081813;0.014158
'Devel_HU_10';5.200000;0.117190;0.083513;0.013331
'Devel_HU_10';5.300000;0.118823;0.085217;0.012186
'Devel_HU_10';5.400000;0.120569;0.086919;0.010725
'Devel_HU_10';5.500000;0.122430;0.088600;0.008948
'Devel_HU_10';5.600000;0.124416;0.090257;0.006892
'Devel_HU_10';5.700000;0.126526;0.091850;0.004565
'Devel_HU_10';5.800000;0.128742;0.093333;0.002020
'Devel_HU_10';5.900000;0.131046;0.094661;-0.000687
'Devel_HU_10';6.000000;0.133340;0.095768;-0.003462
'Devel_HU_10';6.100000;0.135484;0.096643;-0.006221
'Devel_HU_10';6.200000;0.137078;0.097220;-0.008790
'Devel_HU_10';6.300000;0.138022;0.097630;-0.011161
'Devel_HU_10';6.400000;0.138360;0.097743;-0.013410
'Devel_HU_10';6.500000;0.138292;0.097520;-0.015691
'Devel_HU_10';6.600000;0.137943;0.096953;-0.018091
'Devel_HU_10';6.700000;0.137340;0.096038;-0.020686
'Devel_HU_10';6.800000;0.136464;0.094774;-0.023545
'Devel_HU_10';6.900000;0.135307;0.093203;-0.026732
'Devel_HU_10';7.000000;0.133803;0.091356;-0.030283
'Devel_HU_10';7.100000;0.131841;0.089203;-0.034223
'Devel_HU_10';7.200000;0.129485;0.086753;-0.038603
'Devel_HU_10';7.300000;0.126847;0.083997;-0.043455
'Devel_HU_10';7.400000;0.124085;0.080958;-0.048809
'Devel_HU_10';7.500000;0.121333;0.077705;-0.054683
'Devel_HU_10';7.600000;0.118680;0.074322;-0.061039
'Devel_HU_10';7.700000;0.116068;0.070976;-0.067889
'Devel_HU_10';7.800000;0.113444;0.067777;-0.075271
'Devel_HU_10';7.900000;0.110783;0.064766;-0.083185
'Devel_HU_10';8.000000;0.108092;0.061929;-0.091542
'Devel_HU_10';8.100000;0.105399;0.059264;-0.100260
'Devel_HU_10';8.200000;0.102787;0.056785;-0.109273
'Devel_HU_10';8.300000;0.100353;0.054522;-0.118452
'Devel_HU_10';8.400000;0.098120;0.052480;-0.127707
'Devel_HU_10';8.500000;0.096086;0.050677;-0.136888
'Devel_HU_10';8.600000;0.094255;0.049118;-0.146008
'Devel_HU_10';8.700000;0.092689;0.047784;-0.154853
'Devel_HU_10';8.800000;0.091422;0.046649;-0.163337
'Devel_HU_10';8.900000;0.090462;0.045679;-0.171295
'Devel_HU_10';9.000000;0.089744;0.044835;-0.178579
'Devel_HU_10';9.100000;0.089251;0.044091;-0.185105
'Devel_HU_10';9.200000;0.089038;0.043422;-0.190754
'Devel_HU_10';9.300000;0.088781;0.042807;-0.195335
'Devel_HU_10';9.400000;0.088452;0.042221;-0.198941
'Devel_HU_10';9.500000;0.088060;0.041651;-0.201547
'Devel_HU_10';9.600000;0.087602;0.041113;-0.203225
'Devel_HU_10';9.700000;0.086993;0.040685;-0.203870
'Devel_HU_10';9.800000;0.086102;0.040298;-0.203558
'Devel_HU_10';9.900000;0.084847;0.039606;-0.202245
'Devel_HU_10';10.000000;0.083235;0.038566;-0.200054
'Devel_HU_10';10.100000;0.081313;0.037218;-0.197162
'Devel_HU_10';10.200000;0.079221;0.035681;-0.193420
'Devel_HU_10';10.300000;0.077117;0.034031;-0.188949
'Devel_HU_10';10.400000;0.075132;0.032336;-0.183795
'Devel_HU_10';10.500000;0.073281;0.030668;-0.177996
'Devel_HU_10';10.600000;0.071530;0.029073;-0.171590
'Devel_HU_10';10.700000;0.069836;0.027572;-0.164632
'Devel_HU_10';10.800000;0.068164;0.026169;-0.157171
'Devel_HU_10';10.900000;0.066492;0.024865;-0.149247
'Devel_HU_10';11.000000;0.064818;0.023655;-0.140900
'Devel_HU_10';11.100000;0.063186;0.022536;-0.132221
'Devel_HU_10';11.200000;0.061473;0.021489;-0.123240
'Devel_HU_10';11.300000;0.059503;0.020549;-0.114025
'Devel_HU_10';11.400000;0.057091;0.019610;-0.104568
'Devel_HU_10';11.500000;0.054216;0.018635;-0.095053
'Devel_HU_10';11.600000;0.051096;0.017643;-0.085740
'Devel_HU_10';11.700000;0.047872;0.016620;-0.076544
'Devel_HU_10';11.800000;0.044580;0.015524;-0.067490
'Devel_HU_10';11.900000;0.041239;0.014324;-0.058599
'Devel_HU_10';12.000000;0.037894;0.013028;-0.050002
'Devel_HU_10';12.100000;0.034562;0.011682;-0.041915
'Devel_HU_10';12.200000;0.031072;0.010324;-0.034474
'Devel_HU_10';12.300000;0.027230;0.008921;-0.027920
'Devel_HU_10';12.400000;0.023108;0.007326;-0.022514
'Devel_HU_10';12.500000;0.019081;0.005530;-0.018339
'Devel_HU_10';12.600000;0.015513;0.003625;-0.015285
'Devel_HU_10';12.700000;0.012348;0.001714;-0.013176
'Devel_HU_10';12.800000;0.009454;-0.000163;-0.011839
'Devel_HU_10';12.900000;0.006630;-0.001997;-0.011096
'Devel_HU_10';13.000000;0.003609;-0.003810;-0.010787
'Devel_HU_10';13.100000;0.000170;-0.005576;-0.010738
'Devel_HU_10';13.200000;-0.003864;-0.007353;-0.010848
'Devel_HU_10';13.300000;-0.008484;-0.009087;-0.011086
'Devel_HU_10';13.400000;-0.013519;-0.010670;-0.011476
'Devel_HU_10';13.500000;-0.018939;-0.011974;-0.011904
'Devel_HU_10';13.600000;-0.024563;-0.013115;-0.012406
'Devel_HU_10';13.700000;-0.030212;-0.014077;-0.012984
'Devel_HU_10';13.800000;-0.035624;-0.014752;-0.013675
'Devel_HU_10';13.900000;-0.040512;-0.014887;-0.014488
'Devel_HU_10';14.000000;-0.044837;-0.014404;-0.015339
'Devel_HU_10';14.100000;-0.048679;-0.013524;-0.016185
'Devel_HU_10';14.200000;-0.052251;-0.012384;-0.017029
'Devel_HU_10';14.300000;-0.055592;-0.011024;-0.017886
'Devel_HU_10';14.400000;-0.058688;-0.009461;-0.018772
'Devel_HU_10';14.500000;-0.061491;-0.007741;-0.019721
'Devel_HU_10';14.600000;-0.063921;-0.005968;-0.020742
'Devel_HU_10';14.700000;-0.065945;-0.004250;-0.021817
'Devel_HU_10';14.800000;-0.067635;-0.002654;-0.022946
'Devel_HU_10';14.900000;-0.069132;-0.001234;-0.024112
'Devel_HU_10';15.000000;-0.070330;0.000024;-0.025336
'Devel_HU_10';15.100000;-0.071317;0.001138;-0.026611
'Devel_HU_10';15.200000;-0.072265;0.002088;-0.027908
'Devel_HU_10';15.300000;-0.073191;0.002855;-0.029235
'Devel_HU_10';15.400000;-0.073846;0.003451;-0.030563
'Devel_HU_10';15.500000;-0.074337;0.003916;-0.031915
'Devel_HU_10';15.600000;-0.074846;0.004252;-0.033284
'Devel_HU_10';15.700000;-0.075436;0.004492;-0.034667
'Devel_HU_10';15.800000;-0.076127;0.004679;-0.036060
'Devel_HU_10';15.900000;-0.076988;0.004824;-0.037459
'Devel_HU_10';16.000000;-0.078075;0.004923;-0.038858
'Devel_HU_10';16.100000;-0.079342;0.004994;-0.040248
'Devel_HU_10';16.200000;-0.080698;0.005097;-0.041616
'Devel_HU_10';16.300000;-0.082050;0.005252;-0.042976
'Devel_HU_10';16.400000;-0.083348;0.005448;-0.044351
'Devel_HU_10';16.500000;-0.084648;0.005689;-0.045729
'Devel_HU_10';16.600000;-0.085920;0.005955;-0.047117
'Devel_HU_10';16.700000;-0.087065;0.006205;-0.048504
'Devel_HU_10';16.800000;-0.088065;0.006378;-0.049863
'Devel_HU_10';16.900000;-0.088762;0.006464;-0.051180
'Devel_HU_10';17.000000;-0.089247;0.006497;-0.052450
'Devel_HU_10';17.100000;-0.089515;0.006470;-0.053644
'Devel_HU_10';17.200000;-0.089488;0.006398;-0.054740
'Devel_HU_10';17.300000;-0.089192;0.006278;-0.055727
'Devel_HU_10';17.400000;-0.088638;0.006089;-0.056599
'Devel_HU_10';17.500000;-0.087783;0.005843;-0.057348
'Devel_HU_10';17.600000;-0.086470;0.005562;-0.057964
'Devel_HU_10';17.700000;-0.084522;0.005289;-0.058429
'Devel_HU_10';17.800000;-0.081873;0.005041;-0.058743
'Devel_HU_10';17.900000;-0.078565;0.004812;-0.058903
'Devel_HU_10';18.000000;-0.074756;0.004581;-0.058911
'Devel_HU_10';18.100000;-0.070542;0.004355;-0.058782
'Devel_HU_10';18.200000;-0.065996;0.004131;-0.058532
'Devel_HU_10';18.300000;-0.061278;0.003867;-0.058168
'Devel_HU_10';18.400000;-0.056587;0.003531;-0.057695
'Devel_HU_10';18.500000;-0.052091;0.003015;-0.057156
'Devel_HU_10';18.600000;-0.048051;0.002359;-0.056449
'Devel_HU_10';18.700000;-0.044628;0.001572;-0.055614
'Devel_HU_10';18.800000;-0.041897;0.000723;-0.054662
'Devel_HU_10';18.900000;-0.039828;-0.000024;-0.053647
'Devel_HU_10';19.000000;-0.038180;-0.000578;-0.052599
'Devel_HU_10';19.100000;-0.036756;-0.000921;-0.051515
'Devel_HU_10';19.200000;-0.035224;-0.000957;-0.050452
'Devel_HU_10';19.300000;-0.033428;-0.000678;-0.049522
'Devel_HU_10';19.400000;-0.031611;-0.000253;-0.048782
'Devel_HU_10';19.500000;-0.029705;0.000212;-0.048260
'Devel_HU_10';19.600000;-0.027503;0.000688;-0.047960
'Devel_HU_10';19.700000;-0.024913;0.001184;-0.047879
'Devel_HU_10';19.800000;-0.022034;0.001723;-0.048008
'Devel_HU_10';19.900000;-0.018859;0.002379;-0.048366
'Devel_HU_10';20.000000;-0.015581;0.003172;-0.048703
'Devel_HU_10';20.100000;-0.012064;0.004025;-0.049056
'Devel_HU_10';20.200000;-0.008509;0.004968;-0.049257
'Devel_HU_10';20.300000;-0.005120;0.005941;-0.049212
'Devel_HU_10';20.400000;-0.001663;0.006880;-0.048965
'Devel_HU_10';20.500000;0.002028;0.007758;-0.048487
'Devel_HU_10';20.600000;0.005946;0.008611;-0.047686
'Devel_HU_10';20.700000;0.010010;0.009495;-0.046462
'Devel_HU_10';20.800000;0.014132;0.010471;-0.044750
'Devel_HU_10';20.900000;0.018231;0.011591;-0.042511
'Devel_HU_10';21.000000;0.022316;0.012906;-0.039736
'Devel_HU_10';21.100000;0.026409;0.014461;-0.036476
'Devel_HU_10';21.200000;0.030497;0.016274;-0.032816
'Devel_HU_10';21.300000;0.034601;0.018327;-0.028781
'Devel_HU_10';21.400000;0.038452;0.020448;-0.024522
'Devel_HU_10';21.500000;0.041500;0.022288;-0.020236
'Devel_HU_10';21.600000;0.043428;0.023738;-0.016221
'Devel_HU_10';21.700000;0.044383;0.024801;-0.012683
'Devel_HU_10';21.800000;0.044749;0.025526;-0.009800
'Devel_HU_10';21.900000;0.044537;0.026026;-0.007561
'Devel_HU_10';22.000000;0.043885;0.026382;-0.005920
'Devel_HU_10';22.100000;0.042873;0.026661;-0.004760
'Devel_HU_10';22.200000;0.041544;0.026928;-0.003962
'Devel_HU_10';22.300000;0.039973;0.027201;-0.003345
'Devel_HU_10';22.400000;0.038313;0.027473;-0.002676
'Devel_HU_10';22.500000;0.036834;0.027716;-0.001863
'Devel_HU_10';22.600000;0.035889;0.027972;-0.000771
'Devel_HU_10';22.700000;0.035819;0.028164;0.000457
'Devel_HU_10';22.800000;0.036569;0.028334;0.001817
'Devel_HU_10';22.900000;0.038181;0.028447;0.003241
'Devel_HU_10';23.000000;0.040099;0.028282;0.004800
'Devel_HU_10';23.100000;0.041959;0.027917;0.006329
'Devel_HU_10';23.200000;0.043647;0.027391;0.007737
'Devel_HU_10';23.300000;0.045110;0.026763;0.008945
'Devel_HU_10';23.400000;0.046523;0.026087;0.009837
'Devel_HU_10';23.500000;0.047769;0.025449;0.010493
'Devel_HU_10';23.600000;0.048839;0.024867;0.010779
'Devel_HU_10';23.700000;0.049728;0.024342;0.010626
'Devel_HU_10';23.800000;0.050498;0.023823;0.010028
'Devel_HU_10';23.900000;0.051261;0.023316;0.008989
'Devel_HU_10';24.000000;0.052044;0.022889;0.007468
'Devel_HU_10';24.100000;0.052758;0.022494;0.005500
'Devel_HU_10';24.200000;0.053363;0.022098;0.003115
'Devel_HU_10';24.300000;0.054032;0.021670;0.000306
'Devel_HU_10';24.400000;0.054588;0.021156;-0.002843
'Devel_HU_10';24.500000;0.054919;0.020543;-0.006238
'Devel_HU_10';24.600000;0.054983;0.019841;-0.009819
'Devel_HU_10';24.700000;0.054809;0.019024;-0.013519
'Devel_HU_10';24.800000;0.054445;0.018049;-0.017246
'Devel_HU_10';24.900000;0.053940;0.016865;-0.020897
'Devel_HU_10';25.000000;0.053287;0.015406;-0.024375
'Devel_HU_10';25.100000;0.052301;0.013584;-0.027585
'Devel_HU_10';25.200000;0.050785;0.011477;-0.030439
'Devel_HU_10';25.300000;0.048669;0.009153;-0.033091
'Devel_HU_10';25.400000;0.046010;0.006788;-0.035563
'Devel_HU_10';25.500000;0.043108;0.004768;-0.037553
'Devel_HU_10';25.600000;0.040224;0.003244;-0.039182
'Devel_HU_10';25.700000;0.037446;0.002329;-0.040644
'Devel_HU_10';25.800000;0.034609;0.001877;-0.041991
'Devel_HU_10';25.900000;0.031723;0.001752;-0.043309
'Devel_HU_10';26.000000;0.028809;0.001843;-0.044663
'Devel_HU_10';26.100000;0.025886;0.002066;-0.046087
'Devel_HU_10';26.200000;0.023004;0.002366;-0.047594
'Devel_HU_10';26.300000;0.020255;0.002706;-0.049168
'Devel_HU_10';26.400000;0.017795;0.003061;-0.050763
'Devel_HU_10';26.500000;0.015845;0.003414;-0.052318
'Devel_HU_10';26.600000;0.014656;0.003743;-0.053732
'Devel_HU_10';26.700000;0.014409;0.004079;-0.054940
'Devel_HU_10';26.800000;0.015022;0.004470;-0.055758
'Devel_HU_10';26.900000;0.016469;0.004950;-0.056122
'Devel_HU_10';27.000000;0.018641;0.005553;-0.056009
'Devel_HU_10';27.100000;0.021414;0.006266;-0.055432
'Devel_HU_10';27.200000;0.024634;0.007080;-0.054438
'Devel_HU_10';27.300000;0.028000;0.008063;-0.053100
'Devel_HU_10';27.400000;0.031039;0.009298;-0.051479
'Devel_HU_10';27.500000;0.033606;0.010596;-0.049753
'Devel_HU_10';27.600000;0.035839;0.011759;-0.048022
'Devel_HU_10';27.700000;0.037966;0.012845;-0.046312
'Devel_HU_10';27.800000;0.040102;0.013826;-0.044717
'Devel_HU_10';27.900000;0.042263;0.014694;-0.043292
'Devel_HU_10';28.000000;0.044601;0.015513;-0.042098
'Devel_HU_10';28.100000;0.047240;0.016438;-0.041151
'Devel_HU_10';28.200000;0.050220;0.017547;-0.040504
'Devel_HU_10';28.300000;0.053590;0.018944;-0.040191
'Devel_HU_10';28.400000;0.057486;0.020813;-0.040332
'Devel_HU_10';28.500000;0.061772;0.023203;-0.040818
'Devel_HU_10';28.600000;0.066145;0.026073;-0.041596
'Devel_HU_10';28.700000;0.070489;0.029404;-0.042623
'Devel_HU_10';28.800000;0.074708;0.033097;-0.043871
'Devel_HU_10';28.900000;0.078772;0.037046;-0.045327
'Devel_HU_10';29.000000;0.082690;0.041155;-0.046975
'Devel_HU_10';29.100000;0.086506;0.045365;-0.048812
'Devel_HU_10';29.200000;0.090293;0.049651;-0.050829
'Devel_HU_10';29.300000;0.094151;0.054040;-0.053022
'Devel_HU_10';29.400000;0.098213;0.058608;-0.055416
'Devel_HU_10';29.500000;0.102417;0.063387;-0.057924
'Devel_HU_10';29.600000;0.106828;0.068369;-0.060534
'Devel_HU_10';29.700000;0.111440;0.073402;-0.063182
'Devel_HU_10';29.800000;0.116245;0.078628;-0.065916
'Devel_HU_10';29.900000;0.121190;0.084033;-0.068720
'Devel_HU_10';30.000000;0.126237;0.089631;-0.071568
'Devel_HU_10';30.100000;0.131528;0.095581;-0.074457
'Devel_HU_10';30.200000;0.136889;0.101703;-0.077238
'Devel_HU_10';30.300000;0.142216;0.108025;-0.079867
'Devel_HU_10';30.400000;0.147585;0.114567;-0.082283
'Devel_HU_10';30.500000;0.153111;0.121482;-0.084424
'Devel_HU_10';30.600000;0.158708;0.128606;-0.086161
'Devel_HU_10';30.700000;0.164531;0.135943;-0.087582
'Devel_HU_10';30.800000;0.170750;0.143528;-0.088717
'Devel_HU_10';30.900000;0.177381;0.151342;-0.089549
'Devel_HU_10';31.000000;0.184408;0.159455;-0.090040
'Devel_HU_10';31.100000;0.191802;0.167931;-0.090098
'Devel_HU_10';31.200000;0.199461;0.176854;-0.089695
'Devel_HU_10';31.300000;0.207166;0.185986;-0.088617
'Devel_HU_10';31.400000;0.214648;0.194841;-0.086920
'Devel_HU_10';31.500000;0.221956;0.203297;-0.084823
'Devel_HU_10';31.600000;0.229182;0.211374;-0.082321
'Devel_HU_10';31.700000;0.236371;0.218940;-0.079654
'Devel_HU_10';31.800000;0.243427;0.225872;-0.077044
'Devel_HU_10';31.900000;0.250189;0.232151;-0.074566
'Devel_HU_10';32.000000;0.256426;0.237794;-0.072351
'Devel_HU_10';32.100000;0.261675;0.242613;-0.070654
'Devel_HU_10';32.200000;0.265670;0.246422;-0.069536
'Devel_HU_10';32.300000;0.268365;0.249042;-0.069018
'Devel_HU_10';32.400000;0.270238;0.250933;-0.069068
'Devel_HU_10';32.500000;0.271428;0.252402;-0.069666
'Devel_HU_10';32.600000;0.271946;0.253403;-0.070901
'Devel_HU_10';32.700000;0.272240;0.254049;-0.072682
'Devel_HU_10';32.800000;0.272471;0.254386;-0.074992
'Devel_HU_10';32.900000;0.272619;0.254455;-0.077776
'Devel_HU_10';33.000000;0.272583;0.254284;-0.080980
'Devel_HU_10';33.100000;0.272271;0.253850;-0.084553
'Devel_HU_10';33.200000;0.271667;0.253076;-0.088421
'Devel_HU_10';33.300000;0.270963;0.251999;-0.092425
'Devel_HU_10';33.400000;0.270235;0.250578;-0.096437
'Devel_HU_10';33.500000;0.269461;0.248720;-0.100341
'Devel_HU_10';33.600000;0.268564;0.246466;-0.104111
'Devel_HU_10';33.700000;0.267391;0.243943;-0.107362
'Devel_HU_10';33.800000;0.265874;0.241172;-0.110046
'Devel_HU_10';33.900000;0.263963;0.238137;-0.112179
'Devel_HU_10';34.000000;0.261597;0.234825;-0.113770
'Devel_HU_10';34.100000;0.258696;0.231288;-0.114821
'Devel_HU_10';34.200000;0.255417;0.227608;-0.115444
'Devel_HU_10';34.300000;0.251880;0.223753;-0.115702
'Devel_HU_10';34.400000;0.248134;0.219648;-0.115539
'Devel_HU_10';34.500000;0.244250;0.215205;-0.115043
'Devel_HU_10';34.600000;0.240323;0.210396;-0.114253
'Devel_HU_10';34.700000;0.236348;0.205094;-0.113273
'Devel_HU_10';34.800000;0.232542;0.199435;-0.112124
'Devel_HU_10';34.900000;0.228924;0.193569;-0.110749
'Devel_HU_10';35.000000;0.225384;0.187470;-0.109239
'Devel_HU_10';35.100000;0.221890;0.181247;-0.107482
'Devel_HU_10';35.200000;0.218440;0.174991;-0.105428
'Devel_HU_10';35.300000;0.215108;0.168666;-0.103191
'Devel_HU_10';35.400000;0.211899;0.162302;-0.101005
'Devel_HU_10';35.500000;0.208755;0.155982;-0.099210
'Devel_HU_10';35.600000;0.205562;0.149553;-0.097899
'Devel_HU_10';35.700000;0.202178;0.142882;-0.096927
'Devel_HU_10';35.800000;0.198505;0.135807;-0.096171
'Devel_HU_10';35.900000;0.194533;0.128295;-0.095555
'Devel_HU_10';36.000000;0.190175;0.120281;-0.094995
'Devel_HU_10';36.100000;0.185518;0.112102;-0.094365
'Devel_HU_10';36.200000;0.180925;0.103882;-0.093727
'Devel_HU_10';36.300000;0.176649;0.095983;-0.093067
'Devel_HU_10';36.400000;0.172857;0.088723;-0.092273
'Devel_HU_10';36.500000;0.169254;0.082010;-0.091320
'Devel_HU_10';36.600000;0.165900;0.075831;-0.090063
'Devel_HU_10';36.700000;0.162849;0.070230;-0.088559
'Devel_HU_10';36.800000;0.160133;0.065214;-0.086874
'Devel_HU_10';36.900000;0.157829;0.060754;-0.085066
'Devel_HU_10';37.000000;0.156080;0.056746;-0.083197
'Devel_HU_10';37.100000;0.154918;0.053023;-0.081223
'Devel_HU_10';37.200000;0.154189;0.049435;-0.079177
'Devel_HU_10';37.300000;0.153715;0.045965;-0.077185
'Devel_HU_10';37.400000;0.153279;0.042631;-0.075191
'Devel_HU_10';37.500000;0.152594;0.039352;-0.073275
'Devel_HU_10';37.600000;0.151733;0.035987;-0.071458
'Devel_HU_10';37.700000;0.150818;0.032616;-0.069724
'Devel_HU_10';37.800000;0.149960;0.029288;-0.068058
'Devel_HU_10';37.900000;0.149102;0.026087;-0.066427
'Devel_HU_10';38.000000;0.148169;0.023077;-0.064824
'Devel_HU_10';38.100000;0.147195;0.020265;-0.063267
'Devel_HU_10';38.200000;0.146132;0.017662;-0.061773
'Devel_HU_10';38.300000;0.144928;0.015297;-0.060340
'Devel_HU_10';38.400000;0.143552;0.013181;-0.058986
'Devel_HU_10';38.500000;0.141824;0.011283;-0.057767
'Devel_HU_10';38.600000;0.139570;0.009711;-0.056706
'Devel_HU_10';38.700000;0.136810;0.008513;-0.055808
'Devel_HU_10';38.800000;0.133654;0.007648;-0.055100
'Devel_HU_10';38.900000;0.130251;0.007080;-0.054643
'Devel_HU_10';39.000000;0.126492;0.006742;-0.054527
'Devel_HU_10';39.100000;0.122480;0.006348;-0.054847
'Devel_HU_10';39.200000;0.118272;0.005870;-0.055576
'Devel_HU_10';39.300000;0.113995;0.005327;-0.056682
'Devel_HU_10';39.400000;0.109782;0.004838;-0.058200
'Devel_HU_10';39.500000;0.105463;0.004412;-0.060073
'Devel_HU_10';39.600000;0.101127;0.004035;-0.062260
'Devel_HU_10';39.700000;0.096840;0.003722;-0.064694
'Devel_HU_10';39.800000;0.092771;0.003528;-0.067296
'Devel_HU_10';39.900000;0.089023;0.003502;-0.069987
'Devel_HU_10';40.000000;0.085634;0.003671;-0.072694
'Devel_HU_10';40.100000;0.082587;0.004017;-0.075329
'Devel_HU_10';40.200000;0.079825;0.004491;-0.077806
'Devel_HU_10';40.300000;0.077266;0.005021;-0.080029
'Devel_HU_10';40.400000;0.074811;0.005550;-0.081919
'Devel_HU_10';40.500000;0.072341;0.006022;-0.083420
'Devel_HU_10';40.600000;0.069721;0.006354;-0.084494
'Devel_HU_10';40.700000;0.066838;0.006463;-0.085118
'Devel_HU_10';40.800000;0.063691;0.006320;-0.085316
'Devel_HU_10';40.900000;0.060538;0.005926;-0.085146
'Devel_HU_10';41.000000;0.057616;0.005326;-0.084653
'Devel_HU_10';41.100000;0.054915;0.004633;-0.083874
'Devel_HU_10';41.200000;0.052527;0.003936;-0.082829
'Devel_HU_10';41.300000;0.050682;0.003278;-0.081573
'Devel_HU_10';41.400000;0.049298;0.002685;-0.080083
'Devel_HU_10';41.500000;0.048398;0.002346;-0.078297
'Devel_HU_10';41.600000;0.047817;0.002569;-0.076186
'Devel_HU_10';41.700000;0.047233;0.003227;-0.073750
'Devel_HU_10';41.800000;0.046507;0.004200;-0.070994
'Devel_HU_10';41.900000;0.045525;0.005400;-0.067872
'Devel_HU_10';42.000000;0.044442;0.006663;-0.064624
'Devel_HU_10';42.100000;0.043204;0.008020;-0.061224
'Devel_HU_10';42.200000;0.041950;0.009489;-0.057741
'Devel_HU_10';42.300000;0.040949;0.011094;-0.054250
'Devel_HU_10';42.400000;0.040516;0.012873;-0.050847
'Devel_HU_10';42.500000;0.040617;0.014758;-0.047427
'Devel_HU_10';42.600000;0.041405;0.016622;-0.044074
'Devel_HU_10';42.700000;0.043020;0.018410;-0.040828
'Devel_HU_10';42.800000;0.045493;0.020170;-0.037742
'Devel_HU_10';42.900000;0.048721;0.022042;-0.034895
'Devel_HU_10';43.000000;0.052524;0.023949;-0.032384
'Devel_HU_10';43.100000;0.056791;0.025925;-0.030205
'Devel_HU_10';43.200000;0.061654;0.028202;-0.028418
'Devel_HU_10';43.300000;0.066891;0.030819;-0.027015
'Devel_HU_10';43.400000;0.072322;0.033802;-0.025959
'Devel_HU_10';43.500000;0.077836;0.037110;-0.025190
'Devel_HU_10';43.600000;0.083349;0.040700;-0.024653
'Devel_HU_10';43.700000;0.088792;0.044514;-0.024303
'Devel_HU_10';43.800000;0.094140;0.048512;-0.024088
'Devel_HU_10';43.900000;0.099382;0.052655;-0.023972
'Devel_HU_10';44.000000;0.104550;0.056932;-0.023916
'Devel_HU_10';44.100000;0.109689;0.061348;-0.023892
'Devel_HU_10';44.200000;0.114879;0.065972;-0.023916
'Devel_HU_10';44.300000;0.119959;0.070595;-0.023853
'Devel_HU_10';44.400000;0.124803;0.075080;-0.023691
'Devel_HU_10';44.500000;0.129378;0.079380;-0.023445
'Devel_HU_10';44.600000;0.133667;0.083467;-0.023125
'Devel_HU_10';44.700000;0.137654;0.087339;-0.022742
'Devel_HU_10';44.800000;0.141302;0.091008;-0.022300
'Devel_HU_10';44.900000;0.144548;0.094482;-0.021797
'Devel_HU_10';45.000000;0.147315;0.097615;-0.021270
'Devel_HU_10';45.100000;0.149574;0.100353;-0.020721
'Devel_HU_10';45.200000;0.151276;0.102439;-0.020202
'Devel_HU_10';45.300000;0.152304;0.103582;-0.019746
'Devel_HU_10';45.400000;0.153072;0.104045;-0.019247
'Devel_HU_10';45.500000;0.153768;0.103938;-0.018805
'Devel_HU_10';45.600000;0.154425;0.103327;-0.018454
'Devel_HU_10';45.700000;0.155222;0.102237;-0.018182
'Devel_HU_10';45.800000;0.156383;0.100678;-0.017971
'Devel_HU_10';45.900000;0.157894;0.098850;-0.017725
'Devel_HU_10';46.000000;0.159657;0.096816;-0.017409
'Devel_HU_10';46.100000;0.161504;0.094744;-0.016967
'Devel_HU_10';46.200000;0.163304;0.092803;-0.016435
'Devel_HU_10';46.300000;0.164974;0.091021;-0.015786
'Devel_HU_10';46.400000;0.166477;0.089235;-0.015008
'Devel_HU_10';46.500000;0.167901;0.087442;-0.014088
'Devel_HU_10';46.600000;0.169312;0.085767;-0.013019
'Devel_HU_10';46.700000;0.170489;0.084329;-0.011851
'Devel_HU_10';46.800000;0.171315;0.083320;-0.010489
'Devel_HU_10';46.900000;0.171667;0.082641;-0.008860
'Devel_HU_10';47.000000;0.171164;0.082118;-0.007074
'Devel_HU_10';47.100000;0.169695;0.081590;-0.005183
'Devel_HU_10';47.200000;0.167218;0.080891;-0.003264
'Devel_HU_10';47.300000;0.163867;0.079889;-0.001374
'Devel_HU_10';47.400000;0.159877;0.078502;0.000399
'Devel_HU_10';47.500000;0.155615;0.076783;0.002152
'Devel_HU_10';47.600000;0.151500;0.074680;0.003830
'Devel_HU_10';47.700000;0.147801;0.072182;0.005449
'Devel_HU_10';47.800000;0.144523;0.069242;0.006936
'Devel_HU_10';47.900000;0.141757;0.065986;0.008286
'Devel_HU_10';48.000000;0.139541;0.062571;0.009468
'Devel_HU_10';48.100000;0.137827;0.059109;0.010485
'Devel_HU_10';48.200000;0.136612;0.055573;0.011370
'Devel_HU_10';48.300000;0.135841;0.051900;0.012156
'Devel_HU_10';48.400000;0.135487;0.048154;0.012820
'Devel_HU_10';48.500000;0.135708;0.044581;0.013292
'Devel_HU_10';48.600000;0.136525;0.041331;0.013594
'Devel_HU_10';48.700000;0.137774;0.038322;0.013700
'Devel_HU_10';48.800000;0.139245;0.035525;0.013710
'Devel_HU_10';48.900000;0.140633;0.032850;0.013689
'Devel_HU_10';49.000000;0.141696;0.030231;0.013682
'Devel_HU_10';49.100000;0.142227;0.027631;0.013720
'Devel_HU_10';49.200000;0.142083;0.025102;0.013815
'Devel_HU_10';49.300000;0.141317;0.022843;0.013925
'Devel_HU_10';49.400000;0.139940;0.020862;0.014004
'Devel_HU_10';49.500000;0.137834;0.018985;0.013825
'Devel_HU_10';49.600000;0.135078;0.017171;0.013472
'Devel_HU_10';49.700000;0.131884;0.015396;0.012948
'Devel_HU_10';49.800000;0.128420;0.013669;0.012272
'Devel_HU_10';49.900000;0.124895;0.012042;0.011414
'Devel_HU_10';50.000000;0.121477;0.010614;0.010474
'Devel_HU_10';50.100000;0.118506;0.009404;0.009179
'Devel_HU_10';50.200000;0.116048;0.008414;0.007469
'Devel_HU_10';50.300000;0.114172;0.007674;0.005262
'Devel_HU_10';50.400000;0.112727;0.007262;0.002662
'Devel_HU_10';50.500000;0.111597;0.007128;-0.000414
'Devel_HU_10';50.600000;0.110638;0.007219;-0.004002
'Devel_HU_10';50.700000;0.109810;0.007474;-0.008185
'Devel_HU_10';50.800000;0.109058;0.007753;-0.013061
'Devel_HU_10';50.900000;0.108364;0.007929;-0.018459
'Devel_HU_10';51.000000;0.107886;0.007829;-0.024443
'Devel_HU_10';51.100000;0.107926;0.007388;-0.030905
'Devel_HU_10';51.200000;0.108674;0.006853;-0.037487
'Devel_HU_10';51.300000;0.109953;0.006400;-0.044171
'Devel_HU_10';51.400000;0.111552;0.006036;-0.050859
'Devel_HU_10';51.500000;0.113233;0.005722;-0.057451
'Devel_HU_10';51.600000;0.114799;0.005410;-0.063876
'Devel_HU_10';51.700000;0.116108;0.005128;-0.070090
'Devel_HU_10';51.800000;0.117117;0.004757;-0.076144
'Devel_HU_10';51.900000;0.117624;0.004314;-0.082027
'Devel_HU_10';52.000000;0.117465;0.003935;-0.087614
'Devel_HU_10';52.100000;0.116622;0.003652;-0.093089
'Devel_HU_10';52.200000;0.115086;0.003496;-0.098512
'Devel_HU_10';52.300000;0.113043;0.003543;-0.103726
'Devel_HU_10';52.400000;0.110665;0.003799;-0.108865
'Devel_HU_10';52.500000;0.107998;0.004272;-0.113740
'Devel_HU_10';52.600000;0.105047;0.004793;-0.118376
'Devel_HU_10';52.700000;0.101850;0.005278;-0.122779
'Devel_HU_10';52.800000;0.098559;0.005707;-0.126856
'Devel_HU_10';52.900000;0.095256;0.006077;-0.130607
'Devel_HU_10';53.000000;0.092066;0.006401;-0.134030
'Devel_HU_10';53.100000;0.089078;0.006697;-0.137140
'Devel_HU_10';53.200000;0.086359;0.006981;-0.139964
'Devel_HU_10';53.300000;0.083949;0.007262;-0.142539
'Devel_HU_10';53.400000;0.081856;0.007547;-0.144908
'Devel_HU_10';53.500000;0.080043;0.007837;-0.147118
'Devel_HU_10';53.600000;0.078413;0.008132;-0.149190
'Devel_HU_10';53.700000;0.076566;0.008358;-0.151270
'Devel_HU_10';53.800000;0.074543;0.008466;-0.153141
'Devel_HU_10';53.900000;0.072228;0.008448;-0.154875
'Devel_HU_10';54.000000;0.069645;0.008296;-0.156452
'Devel_HU_10';54.100000;0.066767;0.008032;-0.157838
'Devel_HU_10';54.200000;0.063565;0.007716;-0.158981
'Devel_HU_10';54.300000;0.060043;0.007416;-0.159825
'Devel_HU_10';54.400000;0.056190;0.007166;-0.160325
'Devel_HU_10';54.500000;0.051908;0.007046;-0.160405
'Devel_HU_10';54.600000;0.047094;0.007069;-0.160043
'Devel_HU_10';54.700000;0.041615;0.007279;-0.159228
'Devel_HU_10';54.800000;0.035535;0.007772;-0.157949
'Devel_HU_10';54.900000;0.029070;0.008302;-0.156349
'Devel_HU_10';55.000000;0.022801;0.008733;-0.154534
'Devel_HU_10';55.100000;0.016868;0.009068;-0.152497
'Devel_HU_10';55.200000;0.011444;0.009398;-0.150278
'Devel_HU_10';55.300000;0.006675;0.009779;-0.147910
'Devel_HU_10';55.400000;0.002608;0.010214;-0.145341
'Devel_HU_10';55.500000;-0.000676;0.010654;-0.142594
'Devel_HU_10';55.600000;-0.003314;0.011049;-0.139641
'Devel_HU_10';55.700000;-0.005461;0.011418;-0.136449
'Devel_HU_10';55.800000;-0.007189;0.011783;-0.132986
'Devel_HU_10';55.900000;-0.008545;0.012182;-0.129234
'Devel_HU_10';56.000000;-0.009433;0.012711;-0.125096
'Devel_HU_10';56.100000;-0.009959;0.013293;-0.120785
'Devel_HU_10';56.200000;-0.010378;0.013776;-0.116246
'Devel_HU_10';56.300000;-0.010589;0.014145;-0.111653
'Devel_HU_10';56.400000;-0.010641;0.014422;-0.107031
'Devel_HU_10';56.500000;-0.010565;0.014642;-0.102439
'Devel_HU_10';56.600000;-0.010404;0.014827;-0.097932
'Devel_HU_10';56.700000;-0.010207;0.014983;-0.093555
'Devel_HU_10';56.800000;-0.010027;0.015111;-0.089345
'Devel_HU_10';56.900000;-0.009922;0.015203;-0.085324
'Devel_HU_10';57.000000;-0.009949;0.015253;-0.081507
'Devel_HU_10';57.100000;-0.010165;0.015254;-0.077897
'Devel_HU_10';57.200000;-0.010621;0.015198;-0.074487
'Devel_HU_10';57.300000;-0.011362;0.015082;-0.071264
'Devel_HU_10';57.400000;-0.012427;0.014903;-0.068210
'Devel_HU_10';57.500000;-0.013833;0.014661;-0.065300
'Devel_HU_10';57.600000;-0.015565;0.014362;-0.062509
'Devel_HU_10';57.700000;-0.017552;0.014014;-0.059779
'Devel_HU_10';57.800000;-0.019491;0.013606;-0.057175
'Devel_HU_10';57.900000;-0.021370;0.013157;-0.054643
'Devel_HU_10';58.000000;-0.023204;0.012689;-0.052172
'Devel_HU_10';58.100000;-0.025005;0.012222;-0.049747
'Devel_HU_10';58.200000;-0.026765;0.011775;-0.047354
'Devel_HU_10';58.300000;-0.028419;0.011366;-0.044975
'Devel_HU_10';58.400000;-0.029864;0.010998;-0.042587
'Devel_HU_10';58.500000;-0.030900;0.010688;-0.040163
'Devel_HU_10';58.600000;-0.031067;0.010464;-0.037685
'Devel_HU_10';58.700000;-0.030046;0.010289;-0.035184
'Devel_HU_10';58.800000;-0.027908;0.009986;-0.032661
'Devel_HU_10';58.900000;-0.024911;0.009587;-0.029984
'Devel_HU_10';59.000000;-0.021563;0.009101;-0.027125
'Devel_HU_10';59.100000;-0.017829;0.008536;-0.024054
'Devel_HU_10';59.200000;-0.013612;0.007817;-0.020798
'Devel_HU_10';59.300000;-0.009405;0.006735;-0.017315
'Devel_HU_10';59.400000;-0.005289;0.005462;-0.013727
'Devel_HU_10';59.500000;-0.000938;0.004251;-0.010108
'Devel_HU_10';59.600000;0.003828;0.003178;-0.006453
'Devel_HU_10';59.700000;0.008945;0.002295;-0.002756
'Devel_HU_10';59.800000;0.014105;0.001693;0.000978
'Devel_HU_10';59.900000;0.018968;0.001399;0.004698
'Devel_HU_10';60.000000;0.023424;0.001346;0.008356
'Devel_HU_10';60.100000;0.027433;0.001452;0.011917
'Devel_HU_10';60.200000;0.030882;0.001779;0.015473
'Devel_HU_10';60.300000;0.033661;0.002384;0.019187
'Devel_HU_10';60.400000;0.035992;0.003175;0.022685
'Devel_HU_10';60.500000;0.038168;0.004211;0.026078
'Devel_HU_10';60.600000;0.040367;0.005265;0.029276
'Devel_HU_10';60.700000;0.042224;0.006098;0.032281
'Devel_HU_10';60.800000;0.043472;0.006626;0.035056
'Devel_HU_10';60.900000;0.043986;0.006854;0.037559
'Devel_HU_10';61.000000;0.043929;0.006896;0.039741
'Devel_HU_10';61.100000;0.043856;0.006735;0.041443
'Devel_HU_10';61.200000;0.043954;0.006563;0.042743
'Devel_HU_10';61.300000;0.044252;0.006404;0.043662
'Devel_HU_10';61.400000;0.044669;0.006307;0.044274
'Devel_HU_10';61.500000;0.045135;0.006281;0.044624
'Devel_HU_10';61.600000;0.045617;0.006337;0.044757
'Devel_HU_10';61.700000;0.046103;0.006474;0.044710
'Devel_HU_10';61.800000;0.046593;0.006688;0.044517
'Devel_HU_10';61.900000;0.047087;0.006972;0.044208
'Devel_HU_10';62.000000;0.047587;0.007313;0.043806
'Devel_HU_10';62.100000;0.048093;0.007698;0.043332
'Devel_HU_10';62.200000;0.048614;0.008117;0.042803
'Devel_HU_10';62.300000;0.049168;0.008554;0.042228
'Devel_HU_10';62.400000;0.049753;0.009002;0.041630
'Devel_HU_10';62.500000;0.050362;0.009448;0.041024
'Devel_HU_10';62.600000;0.050991;0.009878;0.040427
'Devel_HU_10';62.700000;0.051641;0.010280;0.039854
'Devel_HU_10';62.800000;0.052313;0.010646;0.039320
'Devel_HU_10';62.900000;0.053013;0.010973;0.038840
'Devel_HU_10';63.000000;0.053749;0.011260;0.038426
'Devel_HU_10';63.100000;0.054530;0.011509;0.038087
'Devel_HU_10';63.200000;0.055363;0.011728;0.037835
'Devel_HU_10';63.300000;0.056246;0.011935;0.037669
'Devel_HU_10';63.400000;0.057131;0.012104;0.037574
'Devel_HU_10';63.500000;0.057729;0.012116;0.037548
'Devel_HU_10';63.600000;0.057822;0.011997;0.037576
'Devel_HU_10';63.700000;0.057333;0.011749;0.037655
'Devel_HU_10';63.800000;0.056280;0.011374;0.037780
'Devel_HU_10';63.900000;0.054730;0.010893;0.038007
'Devel_HU_10';64.000000;0.052763;0.010219;0.038324
'Devel_HU_10';64.100000;0.050581;0.009303;0.038740
'Devel_HU_10';64.200000;0.048426;0.008263;0.039364
'Devel_HU_10';64.300000;0.046574;0.007195;0.040043
'Devel_HU_10';64.400000;0.044930;0.006384;0.040902
'Devel_HU_10';64.500000;0.043516;0.005698;0.041802
'Devel_HU_10';64.600000;0.042074;0.005052;0.042644
'Devel_HU_10';64.700000;0.040828;0.004423;0.043435
'Devel_HU_10';64.800000;0.040179;0.004019;0.044240
'Devel_HU_10';64.900000;0.040357;0.003880;0.045037
'Devel_HU_10';65.000000;0.041436;0.004007;0.045792
'Devel_HU_10';65.100000;0.043321;0.004367;0.046491
'Devel_HU_10';65.200000;0.045782;0.004828;0.047111
'Devel_HU_10';65.300000;0.048603;0.005321;0.047616
'Devel_HU_10';65.400000;0.051480;0.005864;0.048132
'Devel_HU_10';65.500000;0.054390;0.006272;0.048608
'Devel_HU_10';65.600000;0.057283;0.006526;0.049058
'Devel_HU_10';65.700000;0.060149;0.006613;0.049468
'Devel_HU_10';65.800000;0.062962;0.006543;0.049826
'Devel_HU_10';65.900000;0.065717;0.006345;0.050126
'Devel_HU_10';66.000000;0.068417;0.006051;0.050362
'Devel_HU_10';66.100000;0.071056;0.005694;0.050532
'Devel_HU_10';66.200000;0.073545;0.005258;0.050663
'Devel_HU_10';66.300000;0.075642;0.004733;0.050749
'Devel_HU_10';66.400000;0.077378;0.004075;0.050742
'Devel_HU_10';66.500000;0.078809;0.003313;0.050611
'Devel_HU_10';66.600000;0.079973;0.002467;0.050330
'Devel_HU_10';66.700000;0.080899;0.001556;0.049875
'Devel_HU_10';66.800000;0.081610;0.000595;0.049227
'Devel_HU_10';66.900000;0.082121;-0.000405;0.048368
'Devel_HU_10';67.000000;0.082445;-0.001433;0.047285
'Devel_HU_10';67.100000;0.082592;-0.002484;0.045967
'Devel_HU_10';67.200000;0.082572;-0.003553;0.044409
'Devel_HU_10';67.300000;0.082397;-0.004652;0.042603
'Devel_HU_10';67.400000;0.082093;-0.005787;0.040559
'Devel_HU_10';67.500000;0.081668;-0.006950;0.038291
'Devel_HU_10';67.600000;0.081105;-0.008129;0.035808
'Devel_HU_10';67.700000;0.080389;-0.009310;0.033128
'Devel_HU_10';67.800000;0.079498;-0.010484;0.030275
'Devel_HU_10';67.900000;0.078405;-0.011639;0.027276
'Devel_HU_10';68.000000;0.077076;-0.012763;0.024164
'Devel_HU_10';68.100000;0.075474;-0.013842;0.020975
'Devel_HU_10';68.200000;0.073563;-0.014874;0.017739
'Devel_HU_10';68.300000;0.071331;-0.015838;0.014509
'Devel_HU_10';68.400000;0.068731;-0.016687;0.011324
'Devel_HU_10';68.500000;0.065703;-0.017375;0.008213
'Devel_HU_10';68.600000;0.062222;-0.017838;0.005218
'Devel_HU_10';68.700000;0.058239;-0.018001;0.002360
'Devel_HU_10';68.800000;0.053872;-0.017790;-0.000359
'Devel_HU_10';68.900000;0.049110;-0.017244;-0.002898
'Devel_HU_10';69.000000;0.044146;-0.016379;-0.005243
'Devel_HU_10';69.100000;0.039090;-0.015349;-0.007353
'Devel_HU_10';69.200000;0.034069;-0.014289;-0.009178
'Devel_HU_10';69.300000;0.029187;-0.013270;-0.010638
'Devel_HU_10';69.400000;0.024394;-0.012351;-0.011808
'Devel_HU_10';69.500000;0.019699;-0.011298;-0.012692
'Devel_HU_10';69.600000;0.015322;-0.010034;-0.013395
'Devel_HU_10';69.700000;0.011389;-0.008549;-0.013969
'Devel_HU_10';69.800000;0.007927;-0.006869;-0.014420
'Devel_HU_10';69.900000;0.004965;-0.005047;-0.014765
'Devel_HU_10';70.000000;0.002491;-0.003151;-0.015016
'Devel_HU_10';70.100000;0.000458;-0.001261;-0.015185
'Devel_HU_10';70.200000;-0.001188;0.000537;-0.015285
'Devel_HU_10';70.300000;-0.002492;0.002167;-0.015329
'Devel_HU_10';70.400000;-0.003419;0.003571;-0.015345
'Devel_HU_10';70.500000;-0.003806;0.004726;-0.015384
'Devel_HU_10';70.600000;-0.003701;0.005677;-0.015431
'Devel_HU_10';70.700000;-0.003186;0.006392;-0.015480
'Devel_HU_10';70.800000;-0.002318;0.006845;-0.015522
'Devel_HU_10';70.900000;-0.001120;0.007009;-0.015543
'Devel_HU_10';71.000000;0.000537;0.006991;-0.015501
'Devel_HU_10';71.100000;0.002815;0.006883;-0.015407
'Devel_HU_10';71.200000;0.005640;0.006918;-0.015276
'Devel_HU_10';71.300000;0.009170;0.007154;-0.015149
'Devel_HU_10';71.400000;0.013367;0.007755;-0.014952
'Devel_HU_10';71.500000;0.018120;0.008731;-0.014700
'Devel_HU_10';71.600000;0.023249;0.010045;-0.014360
'Devel_HU_10';71.700000;0.028596;0.011691;-0.013931
'Devel_HU_10';71.800000;0.034043;0.013609;-0.013380
'Devel_HU_10';71.900000;0.039501;0.015650;-0.012735
'Devel_HU_10';72.000000;0.044878;0.017710;-0.012041
'Devel_HU_10';72.100000;0.050096;0.019748;-0.011333
'Devel_HU_10';72.200000;0.055101;0.021744;-0.010646
'Devel_HU_10';72.300000;0.059860;0.023693;-0.010016
'Devel_HU_10';72.400000;0.064353;0.025595;-0.009482
'Devel_HU_10';72.500000;0.068575;0.027457;-0.009082
'Devel_HU_10';72.600000;0.072524;0.029284;-0.008853
'Devel_HU_10';72.700000;0.076206;0.031081;-0.008830
'Devel_HU_10';72.800000;0.079627;0.032850;-0.009047
'Devel_HU_10';72.900000;0.082799;0.034592;-0.009534
'Devel_HU_10';73.000000;0.085729;0.036303;-0.010316
'Devel_HU_10';73.100000;0.088431;0.037983;-0.011415
'Devel_HU_10';73.200000;0.090925;0.039632;-0.012844
'Devel_HU_10';73.300000;0.093232;0.041250;-0.014614
'Devel_HU_10';73.400000;0.095369;0.042835;-0.016729
'Devel_HU_10';73.500000;0.097356;0.044384;-0.019186
'Devel_HU_10';73.600000;0.099210;0.045897;-0.021977
'Devel_HU_10';73.700000;0.100950;0.047375;-0.025093
'Devel_HU_10';73.800000;0.102600;0.048824;-0.028518
'Devel_HU_10';73.900000;0.104182;0.050251;-0.032237
'Devel_HU_10';74.000000;0.105731;0.051670;-0.036225
'Devel_HU_10';74.100000;0.107290;0.053103;-0.040454
'Devel_HU_10';74.200000;0.108912;0.054584;-0.044882
'Devel_HU_10';74.300000;0.110685;0.056163;-0.049475
'Devel_HU_10';74.400000;0.112779;0.057923;-0.054163
'Devel_HU_10';74.500000;0.115208;0.059926;-0.058846
'Devel_HU_10';74.600000;0.117942;0.062207;-0.063512
'Devel_HU_10';74.700000;0.121022;0.064772;-0.068099
'Devel_HU_10';74.800000;0.124611;0.067701;-0.072515
'Devel_HU_10';74.900000;0.128575;0.071080;-0.076769
'Devel_HU_10';75.000000;0.132690;0.074901;-0.080956
'Devel_HU_10';75.100000;0.136638;0.078973;-0.085095
'Devel_HU_10';75.200000;0.140292;0.083243;-0.088911
'Devel_HU_10';75.300000;0.143514;0.087570;-0.092498
'Devel_HU_10';75.400000;0.145972;0.091666;-0.095911
'Devel_HU_10';75.500000;0.147540;0.095327;-0.099285
'Devel_HU_10';75.600000;0.148156;0.098399;-0.102723
'Devel_HU_10';75.700000;0.147692;0.100670;-0.106364
'Devel_HU_10';75.800000;0.146417;0.102154;-0.110364
'Devel_HU_10';75.900000;0.144555;0.102982;-0.114629
'Devel_HU_10';76.000000;0.142228;0.103297;-0.119019
'Devel_HU_10';76.100000;0.139576;0.103179;-0.123428
'Devel_HU_10';76.200000;0.136743;0.102732;-0.127755
'Devel_HU_10';76.300000;0.133780;0.102002;-0.131891
'Devel_HU_10';76.400000;0.130778;0.101049;-0.135752
'Devel_HU_10';76.500000;0.127826;0.099941;-0.139259
'Devel_HU_10';76.600000;0.124974;0.098735;-0.142343
'Devel_HU_10';76.700000;0.122216;0.097463;-0.144929
'Devel_HU_10';76.800000;0.119528;0.096128;-0.146946
'Devel_HU_10';76.900000;0.116921;0.094749;-0.148351
'Devel_HU_10';77.000000;0.114405;0.093346;-0.149104
'Devel_HU_10';77.100000;0.111974;0.091936;-0.149179
'Devel_HU_10';77.200000;0.109618;0.090533;-0.148554
'Devel_HU_10';77.300000;0.107319;0.089146;-0.147217
'Devel_HU_10';77.400000;0.105063;0.087790;-0.145170
'Devel_HU_10';77.500000;0.102830;0.086470;-0.142422
'Devel_HU_10';77.600000;0.100599;0.085198;-0.138997
'Devel_HU_10';77.700000;0.098346;0.083982;-0.134935
'Devel_HU_10';77.800000;0.096045;0.082834;-0.130294
'Devel_HU_10';77.900000;0.093670;0.081767;-0.125158
'Devel_HU_10';78.000000;0.091176;0.080789;-0.119616
'Devel_HU_10';78.100000;0.088504;0.079908;-0.113778
'Devel_HU_10';78.200000;0.085588;0.079130;-0.107764
'Devel_HU_10';78.300000;0.082377;0.078469;-0.101725
'Devel_HU_10';78.400000;0.078761;0.077862;-0.095787
'Devel_HU_10';78.500000;0.074687;0.077131;-0.090025
'Devel_HU_10';78.600000;0.070199;0.076089;-0.084517
'Devel_HU_10';78.700000;0.065297;0.074754;-0.079213
'Devel_HU_10';78.800000;0.059925;0.073118;-0.074159
'Devel_HU_10';78.900000;0.054131;0.071045;-0.069369
'Devel_HU_10';79.000000;0.048212;0.068574;-0.064762
'Devel_HU_10';79.100000;0.042241;0.065806;-0.060400
'Devel_HU_10';79.200000;0.036266;0.062852;-0.056287
'Devel_HU_10';79.300000;0.030313;0.059811;-0.052446
'Devel_HU_10';79.400000;0.024452;0.056793;-0.048917
'Devel_HU_10';79.500000;0.018758;0.053905;-0.045711
'Devel_HU_10';79.600000;0.013793;0.051348;-0.042990
'Devel_HU_10';79.700000;0.009773;0.049178;-0.040543
'Devel_HU_10';79.800000;0.006761;0.047379;-0.038363
'Devel_HU_10';79.900000;0.004906;0.045902;-0.036390
'Devel_HU_10';80.000000;0.004442;0.044644;-0.034545
'Devel_HU_10';80.100000;0.005408;0.043530;-0.032752
'Devel_HU_10';80.200000;0.007691;0.042669;-0.031005
'Devel_HU_10';80.300000;0.011127;0.042154;-0.029344
'Devel_HU_10';80.400000;0.015678;0.042417;-0.027739
'Devel_HU_10';80.500000;0.020934;0.043574;-0.026209
'Devel_HU_10';80.600000;0.026802;0.045691;-0.024703
'Devel_HU_10';80.700000;0.033201;0.048766;-0.023184
'Devel_HU_10';80.800000;0.040141;0.052794;-0.021662
'Devel_HU_10';80.900000;0.047219;0.057464;-0.019925
'Devel_HU_10';81.000000;0.054164;0.062606;-0.017985
'Devel_HU_10';81.100000;0.060803;0.068124;-0.015826
'Devel_HU_10';81.200000;0.067030;0.073955;-0.013458
'Devel_HU_10';81.300000;0.072779;0.080044;-0.010884
'Devel_HU_10';81.400000;0.078013;0.086328;-0.008117
'Devel_HU_10';81.500000;0.082730;0.092732;-0.005174
'Devel_HU_10';81.600000;0.087001;0.099260;-0.002035
'Devel_HU_10';81.700000;0.091026;0.105940;0.001187
'Devel_HU_10';81.800000;0.094985;0.112732;0.004351
'Devel_HU_10';81.900000;0.098947;0.119620;0.007454
'Devel_HU_10';82.000000;0.102977;0.126611;0.010474
'Devel_HU_10';82.100000;0.107174;0.133770;0.013370
'Devel_HU_10';82.200000;0.111613;0.141161;0.016107
'Devel_HU_10';82.300000;0.116377;0.148872;0.018647
'Devel_HU_10';82.400000;0.121501;0.156941;0.020960
'Devel_HU_10';82.500000;0.127011;0.165390;0.023002
'Devel_HU_10';82.600000;0.132784;0.174184;0.024771
'Devel_HU_10';82.700000;0.138512;0.183072;0.026326
'Devel_HU_10';82.800000;0.143818;0.191503;0.027709
'Devel_HU_10';82.900000;0.148718;0.199360;0.028864
'Devel_HU_10';83.000000;0.153259;0.206622;0.029800
'Devel_HU_10';83.100000;0.157497;0.213295;0.030525
'Devel_HU_10';83.200000;0.161499;0.219405;0.031067
'Devel_HU_10';83.300000;0.165361;0.225006;0.031477
'Devel_HU_10';83.400000;0.169156;0.230145;0.031807
'Devel_HU_10';83.500000;0.172991;0.234920;0.032126
'Devel_HU_10';83.600000;0.176874;0.239383;0.032495
'Devel_HU_10';83.700000;0.180868;0.243655;0.032977
'Devel_HU_10';83.800000;0.184942;0.247828;0.033596
'Devel_HU_10';83.900000;0.188716;0.251699;0.034263
'Devel_HU_10';84.000000;0.191909;0.255279;0.034964
'Devel_HU_10';84.100000;0.194418;0.258418;0.035396
'Devel_HU_10';84.200000;0.196316;0.261089;0.035450
'Devel_HU_10';84.300000;0.197700;0.263299;0.035031
'Devel_HU_10';84.400000;0.198743;0.265052;0.034036
'Devel_HU_10';84.500000;0.199543;0.266314;0.032396
'Devel_HU_10';84.600000;0.200184;0.267099;0.030040
'Devel_HU_10';84.700000;0.200747;0.267436;0.026901
'Devel_HU_10';84.800000;0.201366;0.267342;0.022893
'Devel_HU_10';84.900000;0.202193;0.266839;0.018052
'Devel_HU_10';85.000000;0.203254;0.266039;0.012597
'Devel_HU_10';85.100000;0.204511;0.265006;0.006634
'Devel_HU_10';85.200000;0.205921;0.263789;0.000265
'Devel_HU_10';85.300000;0.207427;0.262401;-0.006444
'Devel_HU_10';85.400000;0.208956;0.260837;-0.013435
'Devel_HU_10';85.500000;0.210398;0.259081;-0.020656
'Devel_HU_10';85.600000;0.211498;0.256972;-0.028138
'Devel_HU_10';85.700000;0.211955;0.254264;-0.035791
'Devel_HU_10';85.800000;0.211526;0.250890;-0.043303
'Devel_HU_10';85.900000;0.210064;0.246776;-0.050605
'Devel_HU_10';86.000000;0.207579;0.241785;-0.057649
'Devel_HU_10';86.100000;0.204108;0.235759;-0.064361
'Devel_HU_10';86.200000;0.199520;0.228296;-0.070622
'Devel_HU_10';86.300000;0.194007;0.219579;-0.076369
'Devel_HU_10';86.400000;0.187672;0.209742;-0.081304
'Devel_HU_10';86.500000;0.180596;0.199167;-0.085093
'Devel_HU_10';86.600000;0.173222;0.188156;-0.088054
'Devel_HU_10';86.700000;0.165855;0.176799;-0.090179
'Devel_HU_10';86.800000;0.158707;0.165300;-0.091696
'Devel_HU_10';86.900000;0.151934;0.153809;-0.092691
'Devel_HU_10';87.000000;0.145587;0.142426;-0.093298
'Devel_HU_10';87.100000;0.139767;0.131336;-0.093619
'Devel_HU_10';87.200000;0.134542;0.120682;-0.093762
'Devel_HU_10';87.300000;0.129961;0.110599;-0.093782
'Devel_HU_10';87.400000;0.126060;0.101191;-0.093714
'Devel_HU_10';87.500000;0.122861;0.092522;-0.093569
'Devel_HU_10';87.600000;0.120380;0.084618;-0.093351
'Devel_HU_10';87.700000;0.118576;0.077568;-0.093087
'Devel_HU_10';87.800000;0.117330;0.071463;-0.092771
'Devel_HU_10';87.900000;0.116526;0.066225;-0.092336
'Devel_HU_10';88.000000;0.116034;0.061747;-0.091698
'Devel_HU_10';88.100000;0.115706;0.057891;-0.090777
'Devel_HU_10';88.200000;0.115304;0.054579;-0.089463
'Devel_HU_10';88.300000;0.114535;0.051560;-0.087776
'Devel_HU_10';88.400000;0.113440;0.048847;-0.085753
'Devel_HU_10';88.500000;0.111900;0.046275;-0.083403
'Devel_HU_10';88.600000;0.110017;0.043797;-0.080678
'Devel_HU_10';88.700000;0.107890;0.041408;-0.077631
'Devel_HU_10';88.800000;0.105883;0.039375;-0.074480
'Devel_HU_10';88.900000;0.104044;0.037712;-0.071265
'Devel_HU_10';89.000000;0.102233;0.036350;-0.068029
'Devel_HU_10';89.100000;0.100260;0.035135;-0.064788
'Devel_HU_10';89.200000;0.097886;0.033914;-0.061565
'Devel_HU_10';89.300000;0.094993;0.032561;-0.058326
'Devel_HU_10';89.400000;0.091428;0.030997;-0.055095
'Devel_HU_10';89.500000;0.087093;0.029223;-0.051816
'Devel_HU_10';89.600000;0.081756;0.027097;-0.048565
'Devel_HU_10';89.700000;0.075479;0.024820;-0.045217
'Devel_HU_10';89.800000;0.068860;0.022649;-0.041806
'Devel_HU_10';89.900000;0.062196;0.020650;-0.038320
'Devel_HU_10';90.000000;0.055575;0.018831;-0.034730
'Devel_HU_10';90.100000;0.048968;0.017204;-0.030994
'Devel_HU_10';90.200000;0.042359;0.015828;-0.027090
'Devel_HU_10';90.300000;0.035691;0.014699;-0.023014
'Devel_HU_10';90.400000;0.028890;0.013543;-0.018911
'Devel_HU_10';90.500000;0.022081;0.012288;-0.014901
'Devel_HU_10';90.600000;0.015408;0.010962;-0.011057
'Devel_HU_10';90.700000;0.008825;0.009509;-0.007370
'Devel_HU_10';90.800000;0.002419;0.007853;-0.003796
'Devel_HU_10';90.900000;-0.003741;0.005958;-0.000317
'Devel_HU_10';91.000000;-0.009598;0.003843;0.003061
'Devel_HU_10';91.100000;-0.014995;0.001577;0.006298
'Devel_HU_10';91.200000;-0.019819;-0.000771;0.009312
'Devel_HU_10';91.300000;-0.023935;-0.003134;0.012009
'Devel_HU_10';91.400000;-0.027233;-0.005424;0.014278
'Devel_HU_10';91.500000;-0.029577;-0.007532;0.016010
'Devel_HU_10';91.600000;-0.030843;-0.009289;0.017097
'Devel_HU_10';91.700000;-0.030946;-0.010594;0.017334
'Devel_HU_10';91.800000;-0.030318;-0.011707;0.016857
'Devel_HU_10';91.900000;-0.029294;-0.012666;0.015738
'Devel_HU_10';92.000000;-0.028065;-0.013542;0.014041
'Devel_HU_10';92.100000;-0.026735;-0.014448;0.011867
'Devel_HU_10';92.200000;-0.025513;-0.015494;0.009258
'Devel_HU_10';92.300000;-0.024194;-0.016698;0.006160
'Devel_HU_10';92.400000;-0.022460;-0.017813;0.002669
'Devel_HU_10';92.500000;-0.020286;-0.018651;-0.001132
'Devel_HU_10';92.600000;-0.017763;-0.019102;-0.005162
'Devel_HU_10';92.700000;-0.014855;-0.019068;-0.009290
'Devel_HU_10';92.800000;-0.011720;-0.018661;-0.013329
'Devel_HU_10';92.900000;-0.008291;-0.018068;-0.017140
'Devel_HU_10';93.000000;-0.004771;-0.017324;-0.020553
'Devel_HU_10';93.100000;-0.001012;-0.016642;-0.023480
'Devel_HU_10';93.200000;0.002590;-0.016044;-0.025995
'Devel_HU_10';93.300000;0.005877;-0.015545;-0.028138
'Devel_HU_10';93.400000;0.008843;-0.015064;-0.029963
'Devel_HU_10';93.500000;0.011712;-0.014459;-0.031488
'Devel_HU_10';93.600000;0.014547;-0.013546;-0.032786
'Devel_HU_10';93.700000;0.017444;-0.012341;-0.033960
'Devel_HU_10';93.800000;0.020287;-0.010939;-0.035089
'Devel_HU_10';93.900000;0.023055;-0.009380;-0.036185
'Devel_HU_10';94.000000;0.025793;-0.007691;-0.037284
'Devel_HU_10';94.100000;0.028634;-0.005900;-0.038404
'Devel_HU_10';94.200000;0.031745;-0.004027;-0.039569
'Devel_HU_10';94.300000;0.035333;-0.002161;-0.040798
'Devel_HU_10';94.400000;0.039315;-0.000328;-0.042153
'Devel_HU_10';94.500000;0.043617;0.001677;-0.043581
'Devel_HU_10';94.600000;0.047828;0.003666;-0.045165
'Devel_HU_10';94.700000;0.051671;0.005648;-0.046894
'Devel_HU_10';94.800000;0.055134;0.007660;-0.048742
'Devel_HU_10';94.900000;0.058454;0.009796;-0.050684
'Devel_HU_10';95.000000;0.061758;0.011899;-0.052723
'Devel_HU_10';95.100000;0.065009;0.013906;-0.054749
'Devel_HU_10';95.200000;0.068187;0.015766;-0.056723
'Devel_HU_10';95.300000;0.071277;0.017488;-0.058571
'Devel_HU_10';95.400000;0.074172;0.019066;-0.060157
'Devel_HU_10';95.500000;0.076992;0.020527;-0.061411
'Devel_HU_10';95.600000;0.079643;0.021896;-0.062239
'Devel_HU_10';95.700000;0.082087;0.023124;-0.062619
'Devel_HU_10';95.800000;0.084301;0.024229;-0.062557
'Devel_HU_10';95.900000;0.086223;0.025281;-0.062062
'Devel_HU_10';96.000000;0.087756;0.026344;-0.061132
'Devel_HU_10';96.100000;0.089035;0.027439;-0.059869
'Devel_HU_10';96.200000;0.090087;0.028707;-0.058424
'Devel_HU_10';96.300000;0.090781;0.030166;-0.056772
'Devel_HU_10';96.400000;0.090714;0.031481;-0.055136
'Devel_HU_10';96.500000;0.089913;0.032437;-0.053707
'Devel_HU_10';96.600000;0.088475;0.033011;-0.052404
'Devel_HU_10';96.700000;0.086581;0.033217;-0.051217
'Devel_HU_10';96.800000;0.084220;0.033074;-0.050157
'Devel_HU_10';96.900000;0.081602;0.032737;-0.049054
'Devel_HU_10';97.000000;0.078887;0.032307;-0.047848
'Devel_HU_10';97.100000;0.076137;0.031812;-0.046523
'Devel_HU_10';97.200000;0.073432;0.031295;-0.045097
'Devel_HU_10';97.300000;0.070831;0.030746;-0.043612
'Devel_HU_10';97.400000;0.068377;0.030149;-0.042118
'Devel_HU_10';97.500000;0.066054;0.029488;-0.040612
'Devel_HU_10';97.600000;0.063878;0.028744;-0.039137
'Devel_HU_10';97.700000;0.061833;0.027889;-0.037701
'Devel_HU_10';97.800000;0.060016;0.026896;-0.036340
'Devel_HU_10';97.900000;0.058644;0.025780;-0.035064
'Devel_HU_10';98.000000;0.057879;0.024566;-0.033827
'Devel_HU_10';98.100000;0.057798;0.023447;-0.032766
'Devel_HU_10';98.200000;0.058296;0.022414;-0.031970
'Devel_HU_10';98.300000;0.059246;0.021531;-0.031512
'Devel_HU_10';98.400000;0.060630;0.020856;-0.031457
'Devel_HU_10';98.500000;0.062380;0.020421;-0.031866
'Devel_HU_10';98.600000;0.064423;0.020255;-0.032768
'Devel_HU_10';98.700000;0.066616;0.020372;-0.034192
'Devel_HU_10';98.800000;0.068768;0.020663;-0.036142
'Devel_HU_10';98.900000;0.070748;0.020944;-0.038578
'Devel_HU_10';99.000000;0.072514;0.021164;-0.041486
'Devel_HU_10';99.100000;0.074047;0.021297;-0.044826
'Devel_HU_10';99.200000;0.075385;0.021337;-0.048554
'Devel_HU_10';99.300000;0.076565;0.021318;-0.052610
'Devel_HU_10';99.400000;0.077612;0.021304;-0.056909
'Devel_HU_10';99.500000;0.078537;0.021336;-0.061367
'Devel_HU_10';99.600000;0.079322;0.021402;-0.065922
'Devel_HU_10';99.700000;0.079998;0.021446;-0.070554
'Devel_HU_10';99.800000;0.080556;0.021463;-0.075179
'Devel_HU_10';99.900000;0.081054;0.021459;-0.079704
'Devel_HU_10';100.000000;0.081505;0.021418;-0.084090
'Devel_HU_10';100.100000;0.081846;0.021333;-0.088330
'Devel_HU_10';100.200000;0.082071;0.021117;-0.092456
'Devel_HU_10';100.300000;0.082249;0.020751;-0.096486
'Devel_HU_10';100.400000;0.082425;0.020268;-0.100439
'Devel_HU_10';100.500000;0.082591;0.019704;-0.104343
'Devel_HU_10';100.600000;0.082707;0.019079;-0.108220
'Devel_HU_10';100.700000;0.082737;0.018424;-0.112104
'Devel_HU_10';100.800000;0.082585;0.017740;-0.116031
'Devel_HU_10';100.900000;0.082128;0.016979;-0.120052
'Devel_HU_10';101.000000;0.081262;0.016092;-0.124215
'Devel_HU_10';101.100000;0.079901;0.015039;-0.128557
'Devel_HU_10';101.200000;0.077931;0.013802;-0.133145
'Devel_HU_10';101.300000;0.075226;0.012370;-0.138071
'Devel_HU_10';101.400000;0.071907;0.010855;-0.143267
'Devel_HU_10';101.500000;0.068387;0.009371;-0.148573
'Devel_HU_10';101.600000;0.064994;0.007846;-0.153990
'Devel_HU_10';101.700000;0.062234;0.006317;-0.159381
'Devel_HU_10';101.800000;0.060408;0.005022;-0.164489
'Devel_HU_10';101.900000;0.059552;0.004238;-0.169222
'Devel_HU_10';102.000000;0.059278;0.003900;-0.173538
'Devel_HU_10';102.100000;0.059226;0.003971;-0.177352
'Devel_HU_10';102.200000;0.059217;0.004434;-0.180703
'Devel_HU_10';102.300000;0.059176;0.005188;-0.183629
'Devel_HU_10';102.400000;0.059072;0.006126;-0.186136
'Devel_HU_10';102.500000;0.058771;0.007132;-0.188211
'Devel_HU_10';102.600000;0.058376;0.008130;-0.189729
'Devel_HU_10';102.700000;0.057870;0.009078;-0.190737
'Devel_HU_10';102.800000;0.057327;0.009944;-0.191224
'Devel_HU_10';102.900000;0.056796;0.010726;-0.191178
'Devel_HU_10';103.000000;0.056286;0.011417;-0.190567
'Devel_HU_10';103.100000;0.055820;0.012040;-0.189355
'Devel_HU_10';103.200000;0.055430;0.012615;-0.187498
'Devel_HU_10';103.300000;0.055143;0.013157;-0.184985
'Devel_HU_10';103.400000;0.054994;0.013675;-0.181726
'Devel_HU_10';103.500000;0.054987;0.014197;-0.177675
'Devel_HU_10';103.600000;0.055078;0.014740;-0.172887
'Devel_HU_10';103.700000;0.055251;0.015316;-0.167288
'Devel_HU_10';103.800000;0.055534;0.015927;-0.160871
'Devel_HU_10';103.900000;0.055936;0.016566;-0.153609
'Devel_HU_10';104.000000;0.056618;0.017277;-0.145518
'Devel_HU_10';104.100000;0.057518;0.017914;-0.136674
'Devel_HU_10';104.200000;0.058700;0.018371;-0.127103
'Devel_HU_10';104.300000;0.060545;0.018733;-0.117018
'Devel_HU_10';104.400000;0.062812;0.019122;-0.106659
'Devel_HU_10';104.500000;0.065513;0.019566;-0.096650
'Devel_HU_10';104.600000;0.068410;0.020022;-0.087335
'Devel_HU_10';104.700000;0.071255;0.020383;-0.079305
'Devel_HU_10';104.800000;0.073778;0.020529;-0.072652
'Devel_HU_10';104.900000;0.075828;0.020345;-0.067332
'Devel_HU_10';105.000000;0.077374;0.019784;-0.063245
'Devel_HU_10';105.100000;0.078699;0.019036;-0.060121
'Devel_HU_10';105.200000;0.080058;0.018222;-0.057956
'Devel_HU_10';105.300000;0.081459;0.017443;-0.056614
'Devel_HU_10';105.400000;0.082774;0.016689;-0.055871
'Devel_HU_10';105.500000;0.083988;0.015987;-0.055532
'Devel_HU_10';105.600000;0.085030;0.015314;-0.055425
'Devel_HU_10';105.700000;0.085936;0.014711;-0.055538
'Devel_HU_10';105.800000;0.086688;0.014222;-0.055848
'Devel_HU_10';105.900000;0.087286;0.013887;-0.056359
'Devel_HU_10';106.000000;0.087668;0.013699;-0.057040
'Devel_HU_10';106.100000;0.087990;0.013719;-0.057942
'Devel_HU_10';106.200000;0.088583;0.014146;-0.059048
'Devel_HU_10';106.300000;0.089505;0.015000;-0.060163
'Devel_HU_10';106.400000;0.090726;0.016305;-0.061287
'Devel_HU_10';106.500000;0.092198;0.017955;-0.062468
'Devel_HU_10';106.600000;0.093953;0.019795;-0.063747
'Devel_HU_10';106.700000;0.096036;0.021754;-0.065129
'Devel_HU_10';106.800000;0.098314;0.023638;-0.066635
'Devel_HU_10';106.900000;0.100617;0.025410;-0.068174
'Devel_HU_10';107.000000;0.102828;0.027095;-0.069701
'Devel_HU_10';107.100000;0.104933;0.028750;-0.071221
'Devel_HU_10';107.200000;0.107011;0.030430;-0.072751
'Devel_HU_10';107.300000;0.109164;0.032192;-0.074316
'Devel_HU_10';107.400000;0.111450;0.034173;-0.075889
'Devel_HU_10';107.500000;0.113891;0.036420;-0.077494
'Devel_HU_10';107.600000;0.116462;0.039039;-0.079136
'Devel_HU_10';107.700000;0.119197;0.042014;-0.080835
'Devel_HU_10';107.800000;0.122249;0.045291;-0.082648
'Devel_HU_10';107.900000;0.125427;0.048806;-0.084526
'Devel_HU_10';108.000000;0.128741;0.052522;-0.086514
'Devel_HU_10';108.100000;0.131801;0.056355;-0.088516
'Devel_HU_10';108.200000;0.134540;0.060211;-0.090439
'Devel_HU_10';108.300000;0.136758;0.064108;-0.092412
'Devel_HU_10';108.400000;0.138531;0.068207;-0.094423
'Devel_HU_10';108.500000;0.139881;0.072435;-0.096382
'Devel_HU_10';108.600000;0.140834;0.076684;-0.098264
'Devel_HU_10';108.700000;0.141523;0.080892;-0.100085
'Devel_HU_10';108.800000;0.141893;0.084894;-0.101884
'Devel_HU_10';108.900000;0.142103;0.088880;-0.103673
'Devel_HU_10';109.000000;0.142365;0.093024;-0.105531
'Devel_HU_10';109.100000;0.142869;0.097398;-0.107421
'Devel_HU_10';109.200000;0.143721;0.102021;-0.109528
'Devel_HU_10';109.300000;0.144989;0.106766;-0.112092
'Devel_HU_10';109.400000;0.146810;0.111651;-0.115276
'Devel_HU_10';109.500000;0.149097;0.116856;-0.119035
'Devel_HU_10';109.600000;0.151755;0.122497;-0.123224
'Devel_HU_10';109.700000;0.154637;0.128235;-0.127722
'Devel_HU_10';109.800000;0.157684;0.133976;-0.132394
'Devel_HU_10';109.900000;0.160858;0.139612;-0.137122
'Devel_HU_10';110.000000;0.164205;0.145163;-0.141753
'Devel_HU_10';110.100000;0.167677;0.150629;-0.146162
'Devel_HU_10';110.200000;0.171237;0.156027;-0.150265
'Devel_HU_10';110.300000;0.174716;0.161216;-0.154069
'Devel_HU_10';110.400000;0.178107;0.166138;-0.157637
'Devel_HU_10';110.500000;0.181488;0.170805;-0.160994
'Devel_HU_10';110.600000;0.184945;0.175268;-0.164201
'Devel_HU_10';110.700000;0.188565;0.179609;-0.167348
'Devel_HU_10';110.800000;0.192509;0.183981;-0.170427
'Devel_HU_10';110.900000;0.196728;0.188402;-0.173639
'Devel_HU_10';111.000000;0.201372;0.192948;-0.176847
'Devel_HU_10';111.100000;0.206212;0.197319;-0.180493
'Devel_HU_10';111.200000;0.210900;0.201338;-0.184752
'Devel_HU_10';111.300000;0.215261;0.204896;-0.189427
'Devel_HU_10';111.400000;0.219342;0.208006;-0.194309
'Devel_HU_10';111.500000;0.223234;0.210694;-0.199088
'Devel_HU_10';111.600000;0.227011;0.213030;-0.203648
'Devel_HU_10';111.700000;0.230597;0.214998;-0.207650
'Devel_HU_10';111.800000;0.233941;0.216523;-0.210963
'Devel_HU_10';111.900000;0.237060;0.217623;-0.213471
'Devel_HU_10';112.000000;0.239833;0.218285;-0.215238
'Devel_HU_10';112.100000;0.242097;0.218571;-0.216196
'Devel_HU_10';112.200000;0.243952;0.218575;-0.216177
'Devel_HU_10';112.300000;0.245482;0.218196;-0.215465
'Devel_HU_10';112.400000;0.246788;0.217383;-0.214207
'Devel_HU_10';112.500000;0.247926;0.216109;-0.212522
'Devel_HU_10';112.600000;0.248848;0.214367;-0.210536
'Devel_HU_10';112.700000;0.249476;0.212219;-0.208213
'Devel_HU_10';112.800000;0.249635;0.209633;-0.205545
'Devel_HU_10';112.900000;0.249276;0.206575;-0.202423
'Devel_HU_10';113.000000;0.248594;0.203148;-0.198642
'Devel_HU_10';113.100000;0.247646;0.199431;-0.194178
'Devel_HU_10';113.200000;0.246538;0.195571;-0.188886
'Devel_HU_10';113.300000;0.245177;0.191731;-0.182906
'Devel_HU_10';113.400000;0.243495;0.187900;-0.176252
'Devel_HU_10';113.500000;0.241519;0.184127;-0.168873
'Devel_HU_10';113.600000;0.239318;0.180495;-0.160753
'Devel_HU_10';113.700000;0.237029;0.177109;-0.151959
'Devel_HU_10';113.800000;0.234694;0.174002;-0.142626
'Devel_HU_10';113.900000;0.232297;0.171148;-0.132878
'Devel_HU_10';114.000000;0.229802;0.168521;-0.122820
'Devel_HU_10';114.100000;0.227155;0.166101;-0.112708
'Devel_HU_10';114.200000;0.224277;0.163807;-0.102716
'Devel_HU_10';114.300000;0.221048;0.161512;-0.092975
'Devel_HU_10';114.400000;0.217370;0.159133;-0.083573
'Devel_HU_10';114.500000;0.213133;0.156559;-0.074543
'Devel_HU_10';114.600000;0.208268;0.153716;-0.065976
'Devel_HU_10';114.700000;0.202788;0.150509;-0.057956
'Devel_HU_10';114.800000;0.196591;0.146704;-0.050453
'Devel_HU_10';114.900000;0.189779;0.142426;-0.043382
'Devel_HU_10';115.000000;0.182377;0.137732;-0.036804
'Devel_HU_10';115.100000;0.174368;0.132727;-0.030692
'Devel_HU_10';115.200000;0.165675;0.127503;-0.025006
'Devel_HU_10';115.300000;0.156042;0.122158;-0.019695
'Devel_HU_10';115.400000;0.145178;0.116908;-0.014824
'Devel_HU_10';115.500000;0.133478;0.111032;-0.010784
'Devel_HU_10';115.600000;0.121316;0.104696;-0.007344
'Devel_HU_10';115.700000;0.108937;0.098025;-0.004414
'Devel_HU_10';115.800000;0.096541;0.091138;-0.001933
'Devel_HU_10';115.900000;0.084301;0.084134;0.000148
'Devel_HU_10';116.000000;0.072369;0.077096;0.001863
'Devel_HU_10';116.100000;0.060884;0.070098;0.003238
'Devel_HU_10';116.200000;0.049963;0.063206;0.004293
'Devel_HU_10';116.300000;0.039702;0.056478;0.005048
'Devel_HU_10';116.400000;0.030176;0.049967;0.005521
'Devel_HU_10';116.500000;0.021433;0.043720;0.005735
'Devel_HU_10';116.600000;0.013499;0.037776;0.005718
'Devel_HU_10';116.700000;0.006377;0.032166;0.005501
'Devel_HU_10';116.800000;0.000053;0.026914;0.005119
'Devel_HU_10';116.900000;-0.005506;0.022035;0.004609
'Devel_HU_10';117.000000;-0.010342;0.017539;0.004009
'Devel_HU_10';117.100000;-0.014509;0.013428;0.003356
'Devel_HU_10';117.200000;-0.018065;0.009699;0.002685
'Devel_HU_10';117.300000;-0.021071;0.006342;0.002027
'Devel_HU_10';117.400000;-0.023590;0.003342;0.001407
'Devel_HU_10';117.500000;-0.025682;0.000681;0.000844
'Devel_HU_10';117.600000;-0.027406;-0.001661;0.000353
'Devel_HU_10';117.700000;-0.028814;-0.003709;-0.000061
'Devel_HU_10';117.800000;-0.029957;-0.005489;-0.000397
'Devel_HU_10';117.900000;-0.030878;-0.007024;-0.000659
'Devel_HU_10';118.000000;-0.031616;-0.008343;-0.000858
'Devel_HU_10';118.100000;-0.032204;-0.009468;-0.001005
'Devel_HU_10';118.200000;-0.032671;-0.010425;-0.001118
'Devel_HU_10';118.300000;-0.033041;-0.011235;-0.001214
'Devel_HU_10';118.400000;-0.033334;-0.011918;-0.001311
'Devel_HU_10';118.500000;-0.033567;-0.012494;-0.001428
'Devel_HU_10';118.600000;-0.033752;-0.012977;-0.001582
'Devel_HU_10';118.700000;-0.033899;-0.013384;-0.001789
'Devel_HU_10';118.800000;-0.034018;-0.013726;-0.002061
'Devel_HU_10';118.900000;-0.034115;-0.014013;-0.002409
'Devel_HU_10';119.000000;-0.034193;-0.014256;-0.002836
'Devel_HU_10';119.100000;-0.034259;-0.014460;-0.003342
'Devel_HU_10';119.200000;-0.034313;-0.014634;-0.003922
'Devel_HU_10';119.300000;-0.034359;-0.014782;-0.004563
'Devel_HU_10';119.400000;-0.034397;-0.014907;-0.005252
'Devel_HU_10';119.500000;-0.034430;-0.015015;-0.005969
'Devel_HU_10';119.600000;-0.034458;-0.015107;-0.006694
'Devel_HU_10';119.700000;-0.034481;-0.015186;-0.007406
'Devel_HU_10';119.800000;-0.034502;-0.015254;-0.008083
'Devel_HU_10';119.900000;-0.034519;-0.015312;-0.008708
'Devel_HU_10';120.000000;-0.034534;-0.015362;-0.009262
'Devel_HU_10';120.100000;-0.034546;-0.015405;-0.009734
'Devel_HU_10';120.200000;-0.034556;-0.015442;-0.010114
'Devel_HU_10';120.300000;-0.034565;-0.015473;-0.010397
'Devel_HU_10';120.400000;-0.034572;-0.015500;-0.010581
'Devel_HU_10';120.500000;-0.034579;-0.015523;-0.010669
'Devel_HU_10';120.600000;-0.034584;-0.015542;-0.010666
'Devel_HU_10';120.700000;-0.034588;-0.015558;-0.010578
'Devel_HU_10';120.800000;-0.034592;-0.015571;-0.010415
'Devel_HU_10';120.900000;-0.034594;-0.015583;-0.010188
'Devel_HU_10';121.000000;-0.034597;-0.015592;-0.009907
'Devel_HU_10';121.100000;-0.034599;-0.015599;-0.009584
'Devel_HU_10';121.200000;-0.034601;-0.015605;-0.009230
'Devel_HU_10';121.300000;-0.034602;-0.015610;-0.008854
'Devel_HU_10';121.400000;-0.034603;-0.015614;-0.008466
'Devel_HU_10';121.500000;-0.034605;-0.015618;-0.008073
'Devel_HU_10';121.600000;-0.034605;-0.015620;-0.007684
'Devel_HU_10';121.700000;-0.034606;-0.015622;-0.007303
'Devel_HU_10';121.800000;-0.034607;-0.015624;-0.006936
'Devel_HU_10';121.900000;-0.034608;-0.015625;-0.006587
'Devel_HU_10';122.000000;-0.034608;-0.015626;-0.006257
'Devel_HU_10';122.100000;-0.034609;-0.015626;-0.005949
'Devel_HU_10';122.200000;-0.034609;-0.015627;-0.005664
'Devel_HU_10';122.300000;-0.034609;-0.015627;-0.005403
'Devel_HU_10';122.400000;-0.034610;-0.015627;-0.005165
'Devel_HU_10';122.500000;-0.034610;-0.015627;-0.004951
'Devel_HU_10';122.600000;-0.034610;-0.015627;-0.004759
'Devel_HU_10';122.700000;-0.034610;-0.015627;-0.004589
'Devel_HU_10';122.800000;-0.034611;-0.015627;-0.004440
'Devel_HU_10';122.900000;-0.034611;-0.015627;-0.004310
'Devel_HU_10';123.000000;-0.034611;-0.015627;-0.004198
'Devel_HU_10';123.100000;-0.034611;-0.015627;-0.004102
'Devel_HU_10';123.200000;-0.034611;-0.015627;-0.004022
'Devel_HU_10';123.300000;-0.034611;-0.015627;-0.003956
'Devel_HU_10';123.400000;-0.034611;-0.015626;-0.003902
'Devel_HU_10';123.500000;-0.034611;-0.015626;-0.003859
'Devel_HU_10';123.600000;-0.034611;-0.015626;-0.003826
'Devel_HU_10';123.700000;-0.034611;-0.015626;-0.003802
'Devel_HU_10';123.800000;-0.034612;-0.015626;-0.003785
'Devel_HU_10';123.900000;-0.034612;-0.015626;-0.003775
'Devel_HU_10';124.000000;-0.034612;-0.015626;-0.003769
'Devel_HU_10';124.100000;-0.034612;-0.015626;-0.003769
'Devel_HU_10';124.200000;-0.034612;-0.015626;-0.003772
'Devel_HU_10';124.300000;-0.034612;-0.015625;-0.003777
'Devel_HU_10';124.400000;-0.034612;-0.015625;-0.003785
'Devel_HU_10';124.500000;-0.034612;-0.015625;-0.003795
'Devel_HU_10';124.600000;-0.034612;-0.015625;-0.003806
'Devel_HU_10';124.700000;-0.034612;-0.015625;-0.003817
'Devel_HU_10';124.800000;-0.034612;-0.015625;-0.003829
'Devel_HU_10';124.900000;-0.034612;-0.015625;-0.003842
'Devel_HU_10';125.000000;-0.034612;-0.015625;-0.003854
'Devel_HU_10';125.100000;-0.034612;-0.015625;-0.003866
'Devel_HU_10';125.200000;-0.034612;-0.015625;-0.003877
'Devel_HU_10';125.300000;-0.034612;-0.015625;-0.003888
'Devel_HU_10';125.400000;-0.034612;-0.015625;-0.003898
'Devel_HU_10';125.500000;-0.034612;-0.015625;-0.003908
'Devel_HU_10';125.600000;-0.034612;-0.015625;-0.003918
'Devel_HU_10';125.700000;-0.034612;-0.015625;-0.003927
'Devel_HU_10';125.800000;-0.034612;-0.015625;-0.003935
'Devel_HU_10';125.900000;-0.034612;-0.015625;-0.003943
'Devel_HU_10';126.000000;-0.034612;-0.015625;-0.003950
'Devel_HU_10';126.100000;-0.034612;-0.015625;-0.003957
'Devel_HU_10';126.200000;-0.034612;-0.015625;-0.003963
'Devel_HU_10';126.300000;-0.034612;-0.015625;-0.003969
'Devel_HU_10';126.400000;-0.034612;-0.015625;-0.003975
'Devel_HU_10';126.500000;-0.034612;-0.015625;-0.003981
'Devel_HU_10';126.600000;-0.034612;-0.015625;-0.003986
'Devel_HU_10';126.700000;-0.034612;-0.015625;-0.003991
'Devel_HU_10';126.800000;-0.034612;-0.015625;-0.003995
'Devel_HU_10';126.900000;-0.034612;-0.015625;-0.004000
'Devel_HU_10';127.000000;-0.034612;-0.015625;-0.004004
'Devel_HU_10';127.100000;-0.034612;-0.015625;-0.004008
'Devel_HU_10';127.200000;-0.034612;-0.015625;-0.004012
'Devel_HU_10';127.300000;-0.034612;-0.015625;-0.004015
'Devel_HU_10';127.400000;-0.034612;-0.015625;-0.004018
'Devel_HU_10';127.500000;-0.034612;-0.015625;-0.004022
'Devel_HU_10';127.600000;-0.034612;-0.015625;-0.004024
'Devel_HU_10';127.700000;-0.034612;-0.015625;-0.004027
'Devel_HU_10';127.800000;-0.034612;-0.015625;-0.004029
'Devel_HU_10';127.900000;-0.034612;-0.015625;-0.004031
'Devel_HU_10';128.000000;-0.034612;-0.015625;-0.004033
'Devel_HU_10';128.100000;-0.034612;-0.015625;-0.004035
'Devel_HU_10';128.200000;-0.034612;-0.015625;-0.004036
'Devel_HU_10';128.300000;-0.034612;-0.015625;-0.004038
'Devel_HU_10';128.400000;-0.034612;-0.015625;-0.004039
'Devel_HU_10';128.500000;-0.034612;-0.015625;-0.004040
'Devel_HU_10';128.600000;-0.034612;-0.015625;-0.004040
'Devel_HU_10';128.700000;-0.034612;-0.015625;-0.004041
'Devel_HU_10';128.800000;-0.034612;-0.015625;-0.004041
'Devel_HU_10';128.900000;-0.034612;-0.015625;-0.004041
'Devel_HU_10';129.000000;-0.034612;-0.015625;-0.004041
'Devel_HU_10';129.100000;-0.034612;-0.015625;-0.004041
'Devel_HU_10';129.200000;-0.034612;-0.015625;-0.004041
'Devel_HU_10';129.300000;-0.034612;-0.015625;-0.004041
'Devel_HU_10';129.400000;-0.034612;-0.015625;-0.004041
'Devel_HU_10';129.500000;-0.034612;-0.015625;-0.004040
'Devel_HU_10';129.600000;-0.034612;-0.015625;-0.004040
'Devel_HU_10';129.700000;-0.034612;-0.015625;-0.004039
'Devel_HU_10';129.800000;-0.034612;-0.015625;-0.004039
'Devel_HU_10';129.900000;-0.034612;-0.015625;-0.004038
'Devel_HU_10';130.000000;-0.034612;-0.015625;-0.004038
'Devel_HU_10';130.100000;-0.034612;-0.015625;-0.004037
'Devel_HU_10';130.200000;-0.034612;-0.015625;-0.004037
'Devel_HU_10';130.300000;-0.034612;-0.015625;-0.004036
'Devel_HU_10';130.400000;-0.034612;-0.015625;-0.004036
'Devel_HU_10';130.500000;-0.034612;-0.015625;-0.004035
'Devel_HU_10';130.600000;-0.034612;-0.015625;-0.004035
'Devel_HU_10';130.700000;-0.034612;-0.015625;-0.004034
'Devel_HU_10';130.800000;-0.034612;-0.015625;-0.004034
'Devel_HU_10';130.900000;-0.034612;-0.015625;-0.004034
'Devel_HU_10';131.000000;-0.034612;-0.015625;-0.004033
'Devel_HU_10';131.100000;-0.034612;-0.015625;-0.004033
'Devel_HU_10';131.200000;-0.034612;-0.015625;-0.004033
'Devel_HU_10';131.300000;-0.034612;-0.015625;-0.004032
'Devel_HU_10';131.400000;-0.034612;-0.015625;-0.004032
'Devel_HU_10';131.500000;-0.034612;-0.015625;-0.004032
'Devel_HU_10';131.600000;-0.034612;-0.015625;-0.004032
'Devel_HU_10';131.700000;-0.034612;-0.015625;-0.004032
'Devel_HU_10';131.800000;-0.034612;-0.015625;-0.004032
'Devel_HU_10';131.900000;-0.034612;-0.015625;-0.004032
'Devel_HU_10';132.000000;-0.034612;-0.015625;-0.004032
'Devel_HU_10';132.100000;-0.034612;-0.015625;-0.004032
'Devel_HU_10';132.200000;-0.034612;-0.015625;-0.004032
'Devel_HU_10';132.300000;-0.034612;-0.015625;-0.004031
'Devel_HU_10';132.400000;-0.034612;-0.015625;-0.004031
'Devel_HU_10';132.500000;-0.034612;-0.015625;-0.004031
'Devel_HU_10';132.600000;-0.034612;-0.015625;-0.004031
'Devel_HU_10';132.700000;-0.034612;-0.015625;-0.004031
'Devel_HU_10';132.800000;-0.034612;-0.015625;-0.004031
'Devel_HU_10';132.900000;-0.034612;-0.015625;-0.004031
'Devel_HU_10';133.000000;-0.034612;-0.015625;-0.004032
'Devel_HU_10';133.100000;-0.034612;-0.015625;-0.004032
'Devel_HU_10';133.200000;-0.034612;-0.015625;-0.004032
'Devel_HU_10';133.300000;-0.034612;-0.015625;-0.004032
'Devel_HU_10';133.400000;-0.034612;-0.015625;-0.004032
'Devel_HU_10';133.500000;-0.034612;-0.015625;-0.004032
'Devel_HU_10';133.600000;-0.034612;-0.015625;-0.004032
'Devel_HU_10';133.700000;-0.034612;-0.015625;-0.004032
'Devel_HU_10';133.800000;-0.034612;-0.015625;-0.004032
'Devel_HU_10';133.900000;-0.034612;-0.015625;-0.004032
'Devel_HU_10';134.000000;-0.034612;-0.015625;-0.004032
'Devel_HU_10';134.100000;-0.034612;-0.015625;-0.004032
'Devel_HU_10';134.200000;-0.034612;-0.015625;-0.004032
'Devel_HU_10';134.300000;-0.034612;-0.015625;-0.004032
'Devel_HU_10';134.400000;-0.034612;-0.015625;-0.004032
'Devel_HU_10';134.500000;-0.034612;-0.015625;-0.004032
'Devel_HU_10';134.600000;-0.034612;-0.015625;-0.004032
'Devel_HU_10';134.700000;-0.034612;-0.015625;-0.004032
'Devel_HU_10';134.800000;-0.034612;-0.015625;-0.004032
'Devel_HU_10';134.900000;-0.034612;-0.015625;-0.004032
'Devel_HU_10';135.000000;-0.034612;-0.015625;-0.004032
'Devel_HU_10';135.100000;-0.034612;-0.015625;-0.004032
'Devel_HU_10';135.200000;-0.034612;-0.015625;-0.004032
'Devel_HU_10';135.300000;-0.034612;-0.015625;-0.004032
'Devel_HU_10';135.400000;-0.034612;-0.015625;-0.004032
'Devel_HU_10';135.500000;-0.034612;-0.015625;-0.004032
'Devel_HU_10';135.600000;-0.034612;-0.015625;-0.004032
'Devel_HU_10';135.700000;-0.034612;-0.015625;-0.004032
'Devel_HU_10';135.800000;-0.034612;-0.015625;-0.004032
'Devel_HU_10';135.900000;-0.034612;-0.015625;-0.004032
'Devel_HU_10';136.000000;-0.034612;-0.015625;-0.004032
'Devel_HU_10';136.100000;-0.034612;-0.015625;-0.004032
'Devel_HU_10';136.200000;-0.034612;-0.015625;-0.004032
'Devel_HU_10';136.300000;-0.034612;-0.015625;-0.004032
'Devel_HU_10';136.400000;-0.034612;-0.015625;-0.004032
'Devel_HU_10';136.500000;-0.034612;-0.015625;-0.004032
'Devel_HU_10';136.600000;-0.034612;-0.015625;-0.004032
'Devel_HU_10';136.700000;-0.034612;-0.015625;-0.004032
'Devel_HU_10';136.800000;-0.034612;-0.015625;-0.004032
'Devel_HU_10';136.900000;-0.034612;-0.015625;-0.004032
'Devel_HU_10';137.000000;-0.034612;-0.015625;-0.004032
'Devel_HU_10';137.100000;-0.034612;-0.015625;-0.004032
'Devel_HU_10';137.200000;-0.034612;-0.015625;-0.004032
'Devel_HU_10';137.300000;-0.034612;-0.015625;-0.004032
'Devel_HU_10';137.400000;-0.034612;-0.015625;-0.004032
'Devel_HU_10';137.500000;-0.034612;-0.015625;-0.004032
'Devel_HU_10';137.600000;-0.034612;-0.015625;-0.004032
'Devel_HU_10';137.700000;-0.034612;-0.015625;-0.004032
'Devel_HU_10';137.800000;-0.034612;-0.015625;-0.004032
'Devel_HU_10';137.900000;-0.034612;-0.015625;-0.004032
'Devel_HU_10';138.000000;-0.034612;-0.015625;-0.004032
'Devel_HU_10';138.100000;-0.034612;-0.015625;-0.004032
'Devel_HU_10';138.200000;-0.034612;-0.015625;-0.004032
'Devel_HU_10';138.300000;-0.034612;-0.015625;-0.004032
'Devel_HU_10';138.400000;-0.034612;-0.015625;-0.004032
'Devel_HU_10';138.500000;-0.034612;-0.015625;-0.004032
'Devel_HU_10';138.600000;-0.034612;-0.015625;-0.004032
'Devel_HU_10';138.700000;-0.034612;-0.015625;-0.004032
'Devel_HU_10';138.800000;-0.034612;-0.015625;-0.004032
'Devel_HU_10';138.900000;-0.034612;-0.015625;-0.004032
'Devel_HU_10';139.000000;-0.034612;-0.015625;-0.004032
'Devel_HU_10';139.100000;-0.034612;-0.015625;-0.004032
'Devel_HU_10';139.200000;-0.034612;-0.015625;-0.004032
'Devel_HU_10';139.300000;-0.034612;-0.015625;-0.004032
'Devel_HU_10';139.400000;-0.034612;-0.015625;-0.004032
'Devel_HU_10';139.500000;-0.034612;-0.015625;-0.004032
'Devel_HU_10';139.600000;-0.034612;-0.015625;-0.004032
'Devel_HU_10';139.700000;-0.034612;-0.015625;-0.004032
'Devel_HU_10';139.800000;-0.034612;-0.015625;-0.004032
'Devel_HU_10';139.900000;-0.034612;-0.015625;-0.004032
'Devel_HU_10';140.000000;-0.034612;-0.015625;-0.004032
'Devel_HU_10';140.100000;-0.034612;-0.015625;-0.004032
'Devel_HU_10';140.200000;-0.034612;-0.015625;-0.004032
'Devel_HU_10';140.300000;-0.034612;-0.015625;-0.004032
'Devel_HU_10';140.400000;-0.034612;-0.015625;-0.004032
'Devel_HU_10';140.500000;-0.034612;-0.015625;-0.004032
'Devel_HU_10';140.600000;-0.034612;-0.015625;-0.004032
'Devel_HU_10';140.700000;-0.034612;-0.015625;-0.004032
'Devel_HU_10';140.800000;-0.034612;-0.015625;-0.004032
'Devel_HU_10';140.900000;-0.034612;-0.015625;-0.004032
'Devel_HU_10';141.000000;-0.034612;-0.015625;-0.004032
'Devel_HU_10';141.100000;-0.034612;-0.015625;-0.004032
'Devel_HU_10';141.200000;-0.034612;-0.015625;-0.004032
'Devel_HU_10';141.300000;-0.034612;-0.015625;-0.004032
'Devel_HU_10';141.400000;-0.034612;-0.015625;-0.004032
'Devel_HU_10';141.500000;-0.034612;-0.015625;-0.004032
'Devel_HU_10';141.600000;-0.034612;-0.015625;-0.004032
'Devel_HU_10';141.700000;-0.034612;-0.015625;-0.004032
'Devel_HU_10';141.800000;-0.034612;-0.015625;-0.004032
'Devel_HU_10';141.900000;-0.034612;-0.015625;-0.004032
'Devel_HU_10';142.000000;-0.034612;-0.015625;-0.004032
'Devel_HU_10';142.100000;-0.034612;-0.015625;-0.004032
'Devel_HU_10';142.200000;-0.034612;-0.015625;-0.004032
'Devel_HU_10';142.300000;-0.034612;-0.015625;-0.004032
'Devel_HU_10';142.400000;-0.034612;-0.015625;-0.004032
'Devel_HU_10';142.500000;-0.034612;-0.015625;-0.004032
'Devel_HU_10';142.600000;-0.034612;-0.015625;-0.004032
'Devel_HU_10';142.700000;-0.034612;-0.015625;-0.004032
'Devel_HU_10';142.800000;-0.034612;-0.015625;-0.004032
'Devel_HU_10';142.900000;-0.034612;-0.015625;-0.004032
'Devel_HU_10';143.000000;-0.034612;-0.015625;-0.004032
'Devel_HU_10';143.100000;-0.034612;-0.015625;-0.004032
'Devel_HU_10';143.200000;-0.034612;-0.015625;-0.004032
'Devel_HU_10';143.300000;-0.034612;-0.015625;-0.004032
'Devel_HU_10';143.400000;-0.034612;-0.015625;-0.004032
'Devel_HU_10';143.500000;-0.034612;-0.015625;-0.004032
'Devel_HU_10';143.600000;-0.034612;-0.015625;-0.004032
'Devel_HU_10';143.700000;-0.034612;-0.015625;-0.004032
'Devel_HU_10';143.800000;-0.034612;-0.015625;-0.004032
'Devel_HU_10';143.900000;-0.034612;-0.015625;-0.004032
'Devel_HU_10';144.000000;-0.034612;-0.015625;-0.004032
'Devel_HU_10';144.100000;-0.034612;-0.015625;-0.004032
'Devel_HU_10';144.200000;-0.034612;-0.015625;-0.004032
'Devel_HU_10';144.300000;-0.034612;-0.015625;-0.004032
'Devel_HU_10';144.400000;-0.034612;-0.015625;-0.004032
'Devel_HU_10';144.500000;-0.034612;-0.015625;-0.004032
'Devel_HU_10';144.600000;-0.034612;-0.015625;-0.004032
'Devel_HU_10';144.700000;-0.034612;-0.015625;-0.004032
'Devel_HU_10';144.800000;-0.034612;-0.015625;-0.004032
'Devel_HU_10';144.900000;-0.034612;-0.015625;-0.004032
'Devel_HU_10';145.000000;-0.034612;-0.015625;-0.004032
'Devel_HU_10';145.100000;-0.034612;-0.015625;-0.004032
'Devel_HU_10';145.200000;-0.034612;-0.015625;-0.004032
'Devel_HU_10';145.300000;-0.034612;-0.015625;-0.004032
'Devel_HU_10';145.400000;-0.034612;-0.015625;-0.004032
'Devel_HU_10';145.500000;-0.034612;-0.015625;-0.004032
'Devel_HU_10';145.600000;-0.034612;-0.015625;-0.004032
'Devel_HU_10';145.700000;-0.034612;-0.015625;-0.004032
'Devel_HU_10';145.800000;-0.034612;-0.015625;-0.004032
'Devel_HU_10';145.900000;-0.034612;-0.015625;-0.004032
'Devel_HU_10';146.000000;-0.034612;-0.015625;-0.004032
'Devel_HU_10';146.100000;-0.034612;-0.015625;-0.004032
'Devel_HU_10';146.200000;-0.034612;-0.015625;-0.004032
'Devel_HU_10';146.300000;-0.034612;-0.015625;-0.004032
'Devel_HU_10';146.400000;-0.034612;-0.015625;-0.004032
'Devel_HU_10';146.500000;-0.034612;-0.015625;-0.004032
'Devel_HU_10';146.600000;-0.034612;-0.015625;-0.004032
'Devel_HU_10';146.700000;-0.034612;-0.015625;-0.004032
'Devel_HU_10';146.800000;-0.034612;-0.015625;-0.004032
'Devel_HU_10';146.900000;-0.034612;-0.015625;-0.004032
'Devel_HU_10';147.000000;-0.034612;-0.015625;-0.004032
'Devel_HU_10';147.100000;-0.034612;-0.015625;-0.004032
'Devel_HU_10';147.200000;-0.034612;-0.015625;-0.004032
'Devel_HU_10';147.300000;-0.034612;-0.015625;-0.004032
'Devel_HU_10';147.400000;-0.034612;-0.015625;-0.004032
'Devel_HU_10';147.500000;-0.034612;-0.015625;-0.004032
'Devel_HU_10';147.600000;-0.034612;-0.015625;-0.004032
'Devel_HU_10';147.700000;-0.034612;-0.015625;-0.004032
'Devel_HU_10';147.800000;-0.034612;-0.015625;-0.004032
'Devel_HU_10';147.900000;-0.034612;-0.015625;-0.004032
'Devel_HU_10';148.000000;-0.034612;-0.015625;-0.004032
'Devel_HU_10';148.100000;-0.034612;-0.015625;-0.004032
'Devel_HU_10';148.200000;-0.034612;-0.015625;-0.004032
'Devel_HU_10';148.300000;-0.034612;-0.015625;-0.004032
'Devel_HU_10';148.400000;-0.034612;-0.015625;-0.004032
'Devel_HU_10';148.500000;-0.034612;-0.015625;-0.004032
'Devel_HU_10';148.600000;-0.034612;-0.015625;-0.004032
'Devel_HU_10';148.700000;-0.034612;-0.015625;-0.004032
'Devel_HU_10';148.800000;-0.034612;-0.015625;-0.004032
'Devel_HU_10';148.900000;-0.034612;-0.015625;-0.004032
'Devel_HU_10';149.000000;-0.034612;-0.015625;-0.004032
'Devel_HU_10';149.100000;-0.034612;-0.015625;-0.004032
'Devel_HU_10';149.200000;-0.034612;-0.015625;-0.004032
'Devel_HU_10';149.300000;-0.034612;-0.015625;-0.004032
'Devel_HU_10';149.400000;-0.034612;-0.015625;-0.004032
'Devel_HU_10';149.500000;-0.034612;-0.015625;-0.004032
'Devel_HU_10';149.600000;-0.034612;-0.015625;-0.004032
'Devel_HU_10';149.700000;-0.034612;-0.015625;-0.004032
'Devel_HU_10';149.800000;-0.034612;-0.015625;-0.004032
'Devel_HU_10';149.900000;-0.034612;-0.015625;-0.004032
'Devel_HU_10';150.000000;-0.034612;-0.015625;-0.004032
'Devel_HU_10';150.100000;-0.034612;-0.015625;-0.004032
'Devel_HU_10';150.200000;-0.034612;-0.015625;-0.004032
'Devel_HU_10';150.300000;-0.034612;-0.015625;-0.004032
'Devel_HU_10';150.400000;-0.034612;-0.015625;-0.004032
'Devel_HU_10';150.500000;-0.034612;-0.015625;-0.004032
'Devel_HU_10';150.600000;-0.034612;-0.015625;-0.004032
'Devel_HU_10';150.700000;-0.034612;-0.015625;-0.004032
'Devel_HU_10';150.800000;-0.034612;-0.015625;-0.004032
'Devel_HU_10';150.900000;-0.034612;-0.015625;-0.004032
'Devel_HU_10';151.000000;-0.034612;-0.015625;-0.004032
'Devel_HU_10';151.100000;-0.034612;-0.015625;-0.004032
'Devel_HU_10';151.200000;-0.034612;-0.015625;-0.004032
'Devel_HU_10';151.300000;-0.034612;-0.015625;-0.004032
'Devel_HU_10';151.400000;-0.034612;-0.015625;-0.004032
'Devel_HU_10';151.500000;-0.034612;-0.015625;-0.004032
'Devel_HU_10';151.600000;-0.034612;-0.015625;-0.004032
'Devel_HU_10';151.700000;-0.034612;-0.015625;-0.004032
'Devel_HU_10';151.800000;-0.034612;-0.015625;-0.004032
'Devel_HU_10';151.900000;-0.034612;-0.015625;-0.004032
'Devel_HU_10';152.000000;-0.034612;-0.015625;-0.004032
'Devel_HU_10';152.100000;-0.034612;-0.015625;-0.004032
'Devel_HU_10';152.200000;-0.034612;-0.015625;-0.004032
'Devel_HU_10';152.300000;-0.034612;-0.015625;-0.004032
'Devel_HU_10';152.400000;-0.034612;-0.015625;-0.004032
'Devel_HU_10';152.500000;-0.034612;-0.015625;-0.004032
'Devel_HU_10';152.600000;-0.034612;-0.015625;-0.004032
'Devel_HU_10';152.700000;-0.034612;-0.015625;-0.004032
'Devel_HU_10';152.800000;-0.034612;-0.015625;-0.004032
'Devel_HU_10';152.900000;-0.034612;-0.015625;-0.004032
'Devel_HU_10';153.000000;-0.034612;-0.015625;-0.004032
'Devel_HU_10';153.100000;-0.034612;-0.015625;-0.004032
'Devel_HU_10';153.200000;-0.034612;-0.015625;-0.004032
'Devel_HU_10';153.300000;-0.034612;-0.015625;-0.004032
'Devel_HU_10';153.400000;-0.034612;-0.015625;-0.004032
'Devel_HU_10';153.500000;-0.034612;-0.015625;-0.004032
'Devel_HU_10';153.600000;-0.034612;-0.015625;-0.004032
'Devel_HU_10';153.700000;-0.034612;-0.015625;-0.004032
'Devel_HU_10';153.800000;-0.034612;-0.015625;-0.004032
'Devel_HU_10';153.900000;-0.034612;-0.015625;-0.004032
'Devel_HU_10';154.000000;-0.034612;-0.015625;-0.004032
'Devel_HU_10';154.100000;-0.034612;-0.015625;-0.004032
'Devel_HU_10';154.200000;-0.034612;-0.015625;-0.004032
'Devel_HU_10';154.300000;-0.034612;-0.015625;-0.004032
'Devel_HU_10';154.400000;-0.034612;-0.015625;-0.004032
'Devel_HU_10';154.500000;-0.034612;-0.015625;-0.004032
'Devel_HU_10';154.600000;-0.034612;-0.015625;-0.004032
'Devel_HU_10';154.700000;-0.034612;-0.015625;-0.004032
'Devel_HU_10';154.800000;-0.034612;-0.015625;-0.004032
'Devel_HU_10';154.900000;-0.034612;-0.015625;-0.004032
'Devel_HU_10';155.000000;-0.034612;-0.015625;-0.004032
'Devel_HU_10';155.100000;-0.034612;-0.015625;-0.004032
'Devel_HU_10';155.200000;-0.034612;-0.015625;-0.004032
'Devel_HU_10';155.300000;-0.034612;-0.015625;-0.004032
'Devel_HU_10';155.400000;-0.034612;-0.015625;-0.004032
'Devel_HU_10';155.500000;-0.034612;-0.015625;-0.004032
'Devel_HU_10';155.600000;-0.034612;-0.015625;-0.004032
'Devel_HU_10';155.700000;-0.034612;-0.015625;-0.004032
'Devel_HU_10';155.800000;-0.034612;-0.015625;-0.004032
'Devel_HU_10';155.900000;-0.034612;-0.015625;-0.004032
'Devel_HU_10';156.000000;-0.034612;-0.015625;-0.004032
'Devel_HU_10';156.100000;-0.034612;-0.015625;-0.004032
'Devel_HU_10';156.200000;-0.034612;-0.015625;-0.004032
'Devel_HU_10';156.300000;-0.034612;-0.015625;-0.004032
'Devel_HU_10';156.400000;-0.034612;-0.015625;-0.004032
'Devel_HU_10';156.500000;-0.034612;-0.015625;-0.004032
'Devel_HU_10';156.600000;-0.034612;-0.015625;-0.004032
'Devel_HU_10';156.700000;-0.034612;-0.015625;-0.004032
'Devel_HU_10';156.800000;-0.034612;-0.015625;-0.004032
'Devel_HU_10';156.900000;-0.034612;-0.015625;-0.004032
'Devel_HU_10';157.000000;-0.034612;-0.015625;-0.004032
'Devel_HU_10';157.100000;-0.034612;-0.015625;-0.004032
'Devel_HU_10';157.200000;-0.034612;-0.015625;-0.004032
'Devel_HU_10';157.300000;-0.034612;-0.015625;-0.004032
'Devel_HU_10';157.400000;-0.034612;-0.015625;-0.004032
'Devel_HU_10';157.500000;-0.034612;-0.015625;-0.004032
'Devel_HU_10';157.600000;-0.034612;-0.015625;-0.004032
'Devel_HU_10';157.700000;-0.034612;-0.015625;-0.004032
'Devel_HU_10';157.800000;-0.034612;-0.015625;-0.004032
'Devel_HU_10';157.900000;-0.034612;-0.015625;-0.004032
'Devel_HU_10';158.000000;-0.034612;-0.015625;-0.004032
'Devel_HU_10';158.100000;-0.034612;-0.015625;-0.004032
'Devel_HU_10';158.200000;-0.034612;-0.015625;-0.004032
'Devel_HU_10';158.300000;-0.034612;-0.015625;-0.004032
'Devel_HU_10';158.400000;-0.034612;-0.015625;-0.004032
'Devel_HU_10';158.500000;-0.034612;-0.015625;-0.004032
'Devel_HU_10';158.600000;-0.034612;-0.015625;-0.004032
'Devel_HU_10';158.700000;-0.034612;-0.015625;-0.004032
'Devel_HU_10';158.800000;-0.034612;-0.015625;-0.004032
'Devel_HU_10';158.900000;-0.034612;-0.015625;-0.004032
'Devel_HU_10';159.000000;-0.034612;-0.015625;-0.004032
'Devel_HU_10';159.100000;-0.034612;-0.015625;-0.004032
'Devel_HU_10';159.200000;-0.034612;-0.015625;-0.004032
'Devel_HU_10';159.300000;-0.034612;-0.015625;-0.004032
'Devel_HU_10';159.400000;-0.034612;-0.015625;-0.004032
'Devel_HU_10';159.500000;-0.034612;-0.015625;-0.004032
'Devel_HU_10';159.600000;-0.034612;-0.015625;-0.004032
'Devel_HU_10';159.700000;-0.034612;-0.015625;-0.004032
'Devel_HU_10';159.800000;-0.034612;-0.015625;-0.004032
'Devel_HU_10';159.900000;-0.034612;-0.015625;-0.004032
'Devel_HU_10';160.000000;-0.034612;-0.015625;-0.004032
'Devel_HU_10';160.100000;-0.034612;-0.015625;-0.004032
'Devel_HU_10';160.200000;-0.034612;-0.015625;-0.004032
'Devel_HU_10';160.300000;-0.034612;-0.015625;-0.004032
'Devel_HU_10';160.400000;-0.034612;-0.015625;-0.004032
'Devel_HU_10';160.500000;-0.034612;-0.015625;-0.004032
'Devel_HU_10';160.600000;-0.034612;-0.015625;-0.004032
'Devel_HU_10';160.700000;-0.034612;-0.015625;-0.004032
'Devel_HU_10';160.800000;-0.034612;-0.015625;-0.004032
'Devel_HU_10';160.900000;-0.034612;-0.015625;-0.004032
'Devel_HU_10';161.000000;-0.034612;-0.015625;-0.004032
'Devel_HU_10';161.100000;-0.034612;-0.015625;-0.004032
'Devel_HU_10';161.200000;-0.034612;-0.015625;-0.004032
'Devel_HU_10';161.300000;-0.034612;-0.015625;-0.004032
'Devel_HU_10';161.400000;-0.034612;-0.015625;-0.004032
'Devel_HU_10';161.500000;-0.034612;-0.015625;-0.004032
'Devel_HU_10';161.600000;-0.034612;-0.015625;-0.004032
'Devel_HU_10';161.700000;-0.034612;-0.015625;-0.004032
'Devel_HU_10';161.800000;-0.034612;-0.015625;-0.004032
'Devel_HU_10';161.900000;-0.034612;-0.015625;-0.004032
'Devel_HU_10';162.000000;-0.034612;-0.015625;-0.004032
'Devel_HU_10';162.100000;-0.034612;-0.015625;-0.004032
'Devel_HU_10';162.200000;-0.034612;-0.015625;-0.004032
'Devel_HU_10';162.300000;-0.034612;-0.015625;-0.004032
'Devel_HU_10';162.400000;-0.034612;-0.015625;-0.004032
'Devel_HU_10';162.500000;-0.034612;-0.015625;-0.004032
'Devel_HU_10';162.600000;-0.034612;-0.015625;-0.004032
'Devel_HU_10';162.700000;-0.034612;-0.015625;-0.004032
'Devel_HU_10';162.800000;-0.034612;-0.015625;-0.004032
'Devel_HU_10';162.900000;-0.034612;-0.015625;-0.004032
'Devel_HU_10';163.000000;-0.034612;-0.015625;-0.004032
'Devel_HU_10';163.100000;-0.034612;-0.015625;-0.004032
'Devel_HU_10';163.200000;-0.034612;-0.015625;-0.004032
'Devel_HU_10';163.300000;-0.034612;-0.015625;-0.004032
'Devel_HU_10';163.400000;-0.034612;-0.015625;-0.004032
'Devel_HU_10';163.500000;-0.034612;-0.015625;-0.004032
'Devel_HU_10';163.600000;-0.034612;-0.015625;-0.004032
'Devel_HU_10';163.700000;-0.034612;-0.015625;-0.004032
'Devel_HU_10';163.800000;-0.034612;-0.015625;-0.004032
'Devel_HU_10';163.900000;-0.034612;-0.015625;-0.004032
'Devel_HU_10';164.000000;-0.034612;-0.015625;-0.004032
'Devel_HU_10';164.100000;-0.034612;-0.015625;-0.004032
'Devel_HU_10';164.200000;-0.034612;-0.015625;-0.004032
'Devel_HU_10';164.300000;-0.034612;-0.015625;-0.004032
'Devel_HU_10';164.400000;-0.034612;-0.015625;-0.004032
'Devel_HU_10';164.500000;-0.034612;-0.015625;-0.004032
'Devel_HU_10';164.600000;-0.034612;-0.015625;-0.004032
'Devel_HU_10';164.700000;-0.034612;-0.015625;-0.004032
'Devel_HU_10';164.800000;-0.034612;-0.015625;-0.004032
'Devel_HU_10';164.900000;-0.034612;-0.015625;-0.004032
'Devel_HU_10';165.000000;-0.034612;-0.015625;-0.004032
'Devel_HU_10';165.100000;-0.034612;-0.015625;-0.004032
'Devel_HU_10';165.200000;-0.034612;-0.015625;-0.004032
'Devel_HU_10';165.300000;-0.034612;-0.015625;-0.004032
'Devel_HU_10';165.400000;-0.034612;-0.015625;-0.004032
'Devel_HU_10';165.500000;-0.034612;-0.015625;-0.004032
'Devel_HU_10';165.600000;-0.034612;-0.015625;-0.004032
'Devel_HU_10';165.700000;-0.034612;-0.015625;-0.004032
'Devel_HU_10';165.800000;-0.034612;-0.015625;-0.004032
'Devel_HU_10';165.900000;-0.034612;-0.015625;-0.004032
'Devel_HU_10';166.000000;-0.034612;-0.015625;-0.004032
'Devel_HU_10';166.100000;-0.034612;-0.015625;-0.004032
'Devel_HU_10';166.200000;-0.034612;-0.015625;-0.004031
'Devel_HU_10';166.300000;-0.034612;-0.015625;-0.004031
'Devel_HU_10';166.400000;-0.034612;-0.015625;-0.004031
'Devel_HU_10';166.500000;-0.034612;-0.015625;-0.004031
'Devel_HU_10';166.600000;-0.034612;-0.015625;-0.004030
'Devel_HU_10';166.700000;-0.034612;-0.015625;-0.004030
'Devel_HU_10';166.800000;-0.034612;-0.015625;-0.004029
'Devel_HU_10';166.900000;-0.034612;-0.015625;-0.004029
'Devel_HU_10';167.000000;-0.034612;-0.015625;-0.004028
'Devel_HU_10';167.100000;-0.034612;-0.015625;-0.004028
'Devel_HU_10';167.200000;-0.034612;-0.015625;-0.004027
'Devel_HU_10';167.300000;-0.034612;-0.015625;-0.004026
'Devel_HU_10';167.400000;-0.034612;-0.015625;-0.004025
'Devel_HU_10';167.500000;-0.034612;-0.015625;-0.004024
'Devel_HU_10';167.600000;-0.034612;-0.015625;-0.004023
'Devel_HU_10';167.700000;-0.034612;-0.015625;-0.004022
'Devel_HU_10';167.800000;-0.034612;-0.015625;-0.004021
'Devel_HU_10';167.900000;-0.034612;-0.015625;-0.004019
'Devel_HU_10';168.000000;-0.034612;-0.015624;-0.004018
'Devel_HU_10';168.100000;-0.034612;-0.015624;-0.004017
'Devel_HU_10';168.200000;-0.034612;-0.015624;-0.004015
'Devel_HU_10';168.300000;-0.034612;-0.015624;-0.004013
'Devel_HU_10';168.400000;-0.034612;-0.015624;-0.004012
'Devel_HU_10';168.500000;-0.034612;-0.015624;-0.004010
'Devel_HU_10';168.600000;-0.034612;-0.015624;-0.004008
'Devel_HU_10';168.700000;-0.034612;-0.015624;-0.004006
'Devel_HU_10';168.800000;-0.034612;-0.015624;-0.004004
'Devel_HU_10';168.900000;-0.034612;-0.015624;-0.004002
'Devel_HU_10';169.000000;-0.034612;-0.015624;-0.004000
'Devel_HU_10';169.100000;-0.034612;-0.015624;-0.003998
'Devel_HU_10';169.200000;-0.034612;-0.015624;-0.003996
'Devel_HU_10';169.300000;-0.034612;-0.015623;-0.003994
'Devel_HU_10';169.400000;-0.034612;-0.015623;-0.003992
'Devel_HU_10';169.500000;-0.034612;-0.015623;-0.003990
'Devel_HU_10';169.600000;-0.034612;-0.015623;-0.003988
'Devel_HU_10';169.700000;-0.034612;-0.015622;-0.003986
'Devel_HU_10';169.800000;-0.034612;-0.015622;-0.003983
'Devel_HU_10';169.900000;-0.034612;-0.015622;-0.003981
'Devel_HU_10';170.000000;-0.034612;-0.015621;-0.003978
'Devel_HU_10';170.100000;-0.034612;-0.015621;-0.003975
'Devel_HU_10';170.200000;-0.034612;-0.015620;-0.003972
'Devel_HU_10';170.300000;-0.034612;-0.015620;-0.003968
'Devel_HU_10';170.400000;-0.034612;-0.015619;-0.003964
'Devel_HU_10';170.500000;-0.034612;-0.015618;-0.003960
'Devel_HU_10';170.600000;-0.034612;-0.015618;-0.003954
'Devel_HU_10';170.700000;-0.034612;-0.015617;-0.003948
'Devel_HU_10';170.800000;-0.034612;-0.015616;-0.003940
'Devel_HU_10';170.900000;-0.034612;-0.015614;-0.003932
'Devel_HU_10';171.000000;-0.034612;-0.015613;-0.003922
'Devel_HU_10';171.100000;-0.034612;-0.015612;-0.003910
'Devel_HU_10';171.200000;-0.034612;-0.015610;-0.003897
'Devel_HU_10';171.300000;-0.034611;-0.015608;-0.003881
'Devel_HU_10';171.400000;-0.034611;-0.015606;-0.003864
'Devel_HU_10';171.500000;-0.034611;-0.015603;-0.003845
'Devel_HU_10';171.600000;-0.034611;-0.015600;-0.003823
'Devel_HU_10';171.700000;-0.034611;-0.015597;-0.003798
'Devel_HU_10';171.800000;-0.034610;-0.015594;-0.003771
'Devel_HU_10';171.900000;-0.034610;-0.015590;-0.003741
'Devel_HU_10';172.000000;-0.034610;-0.015585;-0.003709
'Devel_HU_10';172.100000;-0.034609;-0.015580;-0.003674
'Devel_HU_10';172.200000;-0.034609;-0.015575;-0.003636
'Devel_HU_10';172.300000;-0.034609;-0.015568;-0.003597
'Devel_HU_10';172.400000;-0.034608;-0.015561;-0.003555
'Devel_HU_10';172.500000;-0.034607;-0.015553;-0.003512
'Devel_HU_10';172.600000;-0.034607;-0.015544;-0.003468
'Devel_HU_10';172.700000;-0.034606;-0.015535;-0.003424
'Devel_HU_10';172.800000;-0.034605;-0.015524;-0.003381
'Devel_HU_10';172.900000;-0.034604;-0.015511;-0.003339
'Devel_HU_10';173.000000;-0.034602;-0.015498;-0.003301
'Devel_HU_10';173.100000;-0.034601;-0.015483;-0.003267
'Devel_HU_10';173.200000;-0.034599;-0.015466;-0.003238
'Devel_HU_10';173.300000;-0.034597;-0.015447;-0.003217
'Devel_HU_10';173.400000;-0.034595;-0.015427;-0.003205
'Devel_HU_10';173.500000;-0.034592;-0.015404;-0.003205
'Devel_HU_10';173.600000;-0.034589;-0.015379;-0.003218
'Devel_HU_10';173.700000;-0.034585;-0.015351;-0.003248
'Devel_HU_10';173.800000;-0.034580;-0.015321;-0.003296
'Devel_HU_10';173.900000;-0.034575;-0.015287;-0.003365
'Devel_HU_10';174.000000;-0.034568;-0.015251;-0.003458
'Devel_HU_10';174.100000;-0.034560;-0.015211;-0.003577
'Devel_HU_10';174.200000;-0.034550;-0.015167;-0.003725
'Devel_HU_10';174.300000;-0.034538;-0.015119;-0.003906
'Devel_HU_10';174.400000;-0.034523;-0.015067;-0.004120
'Devel_HU_10';174.500000;-0.034506;-0.015010;-0.004371
'Devel_HU_10';174.600000;-0.034485;-0.014950;-0.004661
'Devel_HU_10';174.700000;-0.034460;-0.014885;-0.004990
'Devel_HU_10';174.800000;-0.034430;-0.014815;-0.005360
'Devel_HU_10';174.900000;-0.034394;-0.014742;-0.005771
'Devel_HU_10';175.000000;-0.034351;-0.014666;-0.006223
'Devel_HU_10';175.100000;-0.034299;-0.014588;-0.006712
'Devel_HU_10';175.200000;-0.034235;-0.014507;-0.007238
'Devel_HU_10';175.300000;-0.034156;-0.014427;-0.007794
'Devel_HU_10';175.400000;-0.034059;-0.014346;-0.008375
'Devel_HU_10';175.500000;-0.033938;-0.014267;-0.008974
'Devel_HU_10';175.600000;-0.033785;-0.014188;-0.009581
'Devel_HU_10';175.700000;-0.033593;-0.014108;-0.010187
'Devel_HU_10';175.800000;-0.033349;-0.014022;-0.010779
'Devel_HU_10';175.900000;-0.033040;-0.013923;-0.011348
'Devel_HU_10';176.000000;-0.032649;-0.013799;-0.011881
'Devel_HU_10';176.100000;-0.032157;-0.013631;-0.012369
'Devel_HU_10';176.200000;-0.031543;-0.013394;-0.012805
'Devel_HU_10';176.300000;-0.030780;-0.013052;-0.013185
'Devel_HU_10';176.400000;-0.029843;-0.012561;-0.013505
'Devel_HU_10';176.500000;-0.028699;-0.011870;-0.013766
'Devel_HU_10';176.600000;-0.027308;-0.010922;-0.013962
'Devel_HU_10';176.700000;-0.025607;-0.009658;-0.014075
